Vehicle ID,Fuel ID,Fuel Configuration ID,Manufacturer ID,Category ID,Model,Model Year,Alternative Fuel Economy City,Alternative Fuel Economy Highway,Alternative Fuel Economy Combined,Conventional Fuel Economy City,Conventional Fuel Economy Highway,Conventional Fuel Economy Combined,Transmission Type,Engine Type,Engine Size,Engine Cylinder Count,Engine Description,Manufacturer,Manufacturer URL,Category,Fuel Code,Fuel,Fuel Configuration Name,Electric-Only Range,PHEV Total Range,PHEV Type,Notes,Drivetrain
12949,41,,377,27,e-tron GT,2022,81,83,82,,,,Auto,e-motor,175 kW electric motor,,"175 kW electric motor;
129 Ah battery",Audi,http://progress.audiusa.com/,Sedan/Wagon,ELEC,Electric,,238,,,,AWD
13002,41,,377,29,e-tron quattro,2022,78,77,78,,,,Auto,e-motor,141 kW and 172 kW electric motor,,"141 kW and 172 kW electric motors;
240 Ah battery",Audi,http://progress.audiusa.com/,SUV,ELEC,Electric,,222,,,,AWD
12950,41,,377,29,"e-tron S (20"" wheels)",2022,72,75,73,,,,Auto,e-motor,138kW electric motor,,"138kW electric motor;
240 Ah battery",Audi,http://progress.audiusa.com/,SUV,ELEC,Electric,,208,,,,AWD
12951,41,,377,29,"e-tron S (21"" or 22"" wheels)",2022,62,64,63,,,,Auto,e-motor,138kW electric motor,,"138kW electric motor;
240 Ah battery",Audi,http://progress.audiusa.com/,SUV,ELEC,Electric,,181,,,,AWD
13001,41,,377,29,e-tron Sportback quattro,2022,76,78,77,,,,Auto,e-motor,141 kW and 172 kW electric motor,,"141 kW and 172 kW electric motors;
240 Ah battery",Audi,http://progress.audiusa.com/,SUV,ELEC,Electric,,218,,,,AWD
12952,41,,377,29,"e-tron S Sportback (20"" wheels)",2022,73,78,75,,,,Auto,e-motor,138kW electric motor,,"138kW electric motor;
240 Ah battery",Audi,http://progress.audiusa.com/,SUV,ELEC,Electric,,212,,,,AWD
12953,41,,377,29,"e-tron S Sportback (21"" or 22"" wheels)",2022,64,66,65,,,,Auto,e-motor,157kW electric motor,,"157kW electric motor;
240 Ah battery",Audi,http://progress.audiusa.com/,SUV,ELEC,Electric,,185,,,,AWD
12954,41,,377,29,Q4 e-tron quattro,2022,100,89,95,,,,Auto,e-motor,80 kW and 150 kW electric motor,,"80 kW and 150 kW electric motors;
234 Ah battery",Audi,http://progress.audiusa.com/,SUV,ELEC,Electric,,241,,,,AWD
12955,41,,377,29,Q4 e-tron Sportback quattro,2022,100,89,95,,,,Auto,e-motor,80 kW and 150 kW electric motor,,"80 kW and 150 kW electric motors;
234 Ah battery",Audi,http://progress.audiusa.com/,SUV,ELEC,Electric,,241,,,,AWD
12956,41,,377,29,RS e-tron GT,2022,100,89,95,,,,Auto,e-motor,335 kW electric motor,,"335 kW electric motor;
723 Ah battery",Audi,http://progress.audiusa.com/,SUV,ELEC,Electric,,241,,,,AWD
13047,41,1,211,27,"i4 eDrive40 Gran Coupe (18"" Wheels) ",2022,109,108,109,,,,Auto,e-motor,250 kW electric motor,,"250 kW electric motor;
211 Ah battery",BMW,www.bmwusa.com,Sedan/Wagon,ELEC,Electric,Dedicated,301,,,,RWD
13046,41,1,211,27,"i4 eDrive40 Gran Coupe (19"" Wheels) ",2022,100,98,99,,,,Auto,e-motor,250 kW electric motor,,"250 kW electric motor;
211 Ah battery",BMW,www.bmwusa.com,Sedan/Wagon,ELEC,Electric,Dedicated,282,,,,RWD
13048,41,1,211,27,"i4 M50 Gran Coupe (19"" Wheels) ",2022,94,98,96,,,,Auto,e-motor,190 and 230 kW electric motors,,"190 and 230 kW electric motors;
211 Ah battery",BMW,www.bmwusa.com,Sedan/Wagon,ELEC,Electric,Dedicated,270,,,,AWD
13049,41,1,211,27,"i4 M50 Gran Coupe (20"" Wheels) ",2022,79,80,80,,,,Auto,e-motor,190 and 230 kW electric motors,,"190 and 230 kW electric motors;
211 Ah battery",BMW,www.bmwusa.com,Sedan/Wagon,ELEC,Electric,Dedicated,227,,,,AWD
13050,41,1,211,29,"iX xDrive50 (20"" Wheels) ",2022,86,87,86,,,,Auto,e-motor,190 and 230 kW electric motors,,"190 and 230 kW electric motors;
303 Ah battery",BMW,www.bmwusa.com,SUV,ELEC,Electric,Dedicated,324,,,,AWD
13051,41,1,211,29,"iX xDrive50 (21"" Wheels) ",2022,82,84,83,,,,Auto,e-motor,190 and 230 kW electric motors,,"190 and 230 kW electric motors;
303 Ah battery",BMW,www.bmwusa.com,SUV,ELEC,Electric,Dedicated,305,,,,AWD
13052,41,1,211,29,"iX xDrive50 (22"" Wheels) ",2022,86,85,86,,,,Auto,e-motor,190 and 230 kW electric motors,,"190 and 230 kW electric motors;
303 Ah battery",BMW,www.bmwusa.com,SUV,ELEC,Electric,Dedicated,315,,,,AWD
12778,41,1,215,27,Bolt EUV,2022,125,104,115,,,,,e-motor,150 kW electric motor,,"150 kW electric motor;
189 Ah battery",Chevrolet,http://www.chevrolet.com,Sedan/Wagon,ELEC,Electric,Dedicated,247,,,,FWD
12777,41,1,215,27,Bolt EV,2022,131,109,120,,,,,e-motor,150 kW electric motor,,"150 kW electric motor;
189 Ah battery",Chevrolet,http://www.chevrolet.com,Sedan/Wagon,ELEC,Electric,Dedicated,259,,,,FWD
13059,41,1,219,29,Mustang Mach-E AWD,2022,98,86,93,,,,Auto,e-motor,198 kW electric motors (x2),,"198 kW electric motors (x2);
216 Ah battery",Ford,https://www.ford.com,SUV,ELEC,Electric,Dedicated,224,,,,AWD
13056,41,1,219,29,Mustang Mach-E AWD California Route 1,2022,105,91,98,,,,Auto,e-motor,258 kW electric motors (x2),,"258 kW electric motors (x2);
288 Ah battery",Ford,https://www.ford.com,SUV,ELEC,Electric,Dedicated,312,,,,AWD
13060,41,1,219,29,Mustang Mach-E AWD Extended,2022,97,84,91,,,,Auto,e-motor,258 kW electric motors (x2),,"258 kW electric motors (x2);
288 Ah battery",Ford,https://www.ford.com,SUV,ELEC,Electric,Dedicated,277,,,,AWD
13057,41,1,219,29,Mustang Mach-E GT AWD,2022,90,77,84,,,,Auto,e-motor,179  kW electric motors (X2),,"179  kW electric motors (X2);
288 Ah battery",Ford,https://www.ford.com,SUV,ELEC,Electric,Dedicated,270,,,,AWD
13058,41,1,219,29,Mustang Mach-E GT Performance,2022,88,75,82,,,,Auto,e-motor,179  kW electric motor,,"179  kW electric motor;
288 Ah battery",Ford,https://www.ford.com,SUV,ELEC,Electric,Dedicated,260,,,,RWD
13053,41,1,219,29,Mustang Mach-E RWD,2022,110,96,103,,,,Auto,e-motor,198 kW electric motor,,"198 kW electric motor;
216 kWh battery",Ford,https://www.ford.com,SUV,ELEC,Electric,Dedicated,247,,,,RWD
13055,41,1,219,29,Mustang Mach-E RWD California Route 1,2022,108,94,101,,,,Auto,e-motor,216 kW electric motor,,"216 kW electric motor;
288 Ah battery",Ford,https://www.ford.com,SUV,ELEC,Electric,Dedicated,314,,,,RWD
13054,41,1,219,29,Mustang Mach-E RWD Extended,2022,104,90,97,,,,Auto,e-motor,216 kW electric motor,,"216 kW electric motor;
288 Ah battery",Ford,https://www.ford.com,SUV,ELEC,Electric,Dedicated,303,,,,RWD
13005,41,1,351,29,Ioniq 5 AWD (Long Range),2022,110,87,98,,,,Auto,e-motor,74 kW and 165 kW electric motors,,"74 kW and 165 kW electric motors;
111 Ah battery",Hyundai,http://www.hyundaiusa.com/,SUV,ELEC,Electric,Dedicated,256,,,,AWD
13003,41,1,351,29,Ioniq 5 RWD,2022,127,94,110,,,,Auto,e-motor,125 kW electric motor,,"125 kW electric motor;
111 Ah battery",Hyundai,http://www.hyundaiusa.com/,SUV,ELEC,Electric,Dedicated,220,,,,RWD
13004,41,1,351,29,Ioniq 5 RWD (Long Range),2022,132,98,114,,,,Auto,e-motor,168 kW electric motor,,"168 kW electric motor;
111 Ah battery",Hyundai,http://www.hyundaiusa.com/,SUV,ELEC,Electric,Dedicated,303,,,,RWD
12879,41,1,351,29,Kona Electric,2022,132,108,120,,,,Auto,e-motor,150 kW electric motor,,"150 kW electric motor;
180 Ah battery",Hyundai,http://www.hyundaiusa.com/,SUV,ELEC,Electric,Dedicated,258,,,,FWD
13008,41,1,361,27,EV6 AWD (Long Range) ,2022,116,94,105,,,,Auto,e-motor,74 kW and 165 kW electric motors,,"74 kW and 165 kW electric motors;
111 Ah battery",Kia,http://www.kia.com,Sedan/Wagon,ELEC,Electric,Dedicated,274,,,,AWD
13006,41,1,361,27,EV6 RWD,2022,136,100,117,,,,Auto,e-motor,125 kW electric motor,,"125 kW electric motor;
111 Ah battery",Kia,http://www.kia.com,Sedan/Wagon,ELEC,Electric,Dedicated,232,,,,RWD
13007,41,1,361,27,EV6 RWD (Long Range) ,2022,134,101,117,,,,Auto,e-motor,168 kW electric motor,,"168 kW electric motor;
111 Ah battery",Kia,http://www.kia.com,Sedan/Wagon,ELEC,Electric,Dedicated,310,,,,RWD
12880,41,1,361,27,Niro Electric,2022,123,102,112,,,,Auto,e-motor,150 kW electric motor,,"150 kW electric motor;
180 Ah battery",Kia,http://www.kia.com,Sedan/Wagon,ELEC,Electric,Dedicated,239,,,,FWD
12894,41,1,469,27,"Air Dream P AWD w/19"" wheels",2022,117,114,116,,,,Auto,e-motor,370kW and 459kW electric motors,,"370kW and 459kW electrics motors;
150Ah battery","Lucid USA, Inc.",,Sedan/Wagon,ELEC,Electric,Dedicated,471,,,,AWD
12895,41,1,469,27,"Air Dream P AWD w/21"" wheels",2022,110,111,111,,,,Auto,e-motor,370kW and 459kW electric motors,,"370kW and 459kW electrics motors;
150Ah battery","Lucid USA, Inc.",,Sedan/Wagon,ELEC,Electric,Dedicated,451,,,,AWD
12896,41,1,469,27,"Air Dream R AWD w/19"" wheels",2022,126,125,125,,,,Auto,e-motor,198kW and 498kW electric motors,,"198kW and 498kW electrics motors;
150Ah battery","Lucid USA, Inc.",,Sedan/Wagon,ELEC,Electric,Dedicated,520,,,,AWD
12897,41,1,469,27,"Air Dream R AWD w/21"" wheels",2022,115,117,116,,,,Auto,e-motor,198kW and 498kW electric motors,,"198kW and 498kW electrics motors;
150Ah battery","Lucid USA, Inc.",,Sedan/Wagon,ELEC,Electric,Dedicated,481,,,,AWD
12898,41,1,469,27,"Air G Touring AWD w/19"" wheels",2022,130,132,131,,,,Auto,e-motor,178kW and 433kW electric motors,,"178kW and 433kW electrics motors;
143Ah battery","Lucid USA, Inc.",,Sedan/Wagon,ELEC,Electric,Dedicated,516,,,,AWD
12899,41,1,469,27,"Air G Touring AWD w/21"" wheels",2022,121,122,121,,,,Auto,e-motor,178kW and 433kW electric motors,,"178kW and 433kW electrics motors;
143Ah battery","Lucid USA, Inc.",,Sedan/Wagon,ELEC,Electric,Dedicated,469,,,,AWD
12957,41,,229,27,MX-30,2022,98,85,92,,,,,e-motor,81 kW electric motor,,"81 kW electric motor;
100 Ah battery",Mazda,http://www.mazdausa.com,Sedan/Wagon,ELEC,Electric,,100,,,,FWD
12958,41,1,239,27,EQS450+,2022,97,97,97,,,,Auto,e-motor,245 kW electric motor,,"245 kW electric motor;
282 Ah battery",Mercedes-Benz,https://www.mbusa.com,Sedan/Wagon,ELEC,Electric,Dedicated,350,,,,RWD
12959,41,1,239,27,EQS 580 4MATIC,2022,92,99,95,,,,Auto,e-motor,135 and 255 kW electric motors,,"135 kW and 255 kW electric motors;
282 Ah battery",Mercedes-Benz,https://www.mbusa.com,Sedan/Wagon,ELEC,Electric,Dedicated,340,,,,AWD
12779,41,,425,27,Cooper SE Hardtop 2 door,2022,119,100,110,,,,Auto,e-motor,135 kW electric motor,,"135 kW electric motor;
93 Ah battery",Mini,,Sedan/Wagon,ELEC,Electric,,114,,,,FWD
12881,41,9,217,27,Leaf (40 kWh battery pack),2022,123,99,111,,,,Auto,e-motor,110 kW electric motor,,"110 kW electric motor;
115 Ah battery",Nissan,http://www.nissanusa.com,Sedan/Wagon,ELEC,Electric,Hybrid Electric,149,,,,FWD
12882,41,1,217,27,Leaf (62 kWh battery pack),2022,118,97,108,,,,Auto,e-motor,160 kW electric motor,,"160 kW electric motor;
176 Ah battery",Nissan,http://www.nissanusa.com,Sedan/Wagon,ELEC,Electric,Dedicated,226,,,,FWD
12883,41,1,217,27,Leaf SV/SL (62 kWh battery pack),2022,114,94,104,,,,Auto,e-motor,160 kW electric motor,,"160 kW electric motor;
176 Ah battery",Nissan,http://www.nissanusa.com,Sedan/Wagon,ELEC,Electric,Dedicated,215,,,,FWD
12884,41,1,462,27,Polestar 2 (Dual Motor),2022,94,84,89,,,,Auto,e-motor,150kW electric motors (X2),,"dual 150 kW electric motors (300kW total);
196 Ah battery",Polestar Automotive USA,,Sedan/Wagon,ELEC,Electric,Dedicated,249,,,,AWD
13009,41,1,462,27,Polestar 2 (Single Motor),2022,113,100,107,,,,Auto,e-motor,170kW electric motor,,"170kW electric motor;
196 Ah battery",Polestar Automotive USA,,Sedan/Wagon,ELEC,Electric,Dedicated,270,,,,FWD
12966,41,1,391,27,Taycan 4 Cross Turismo,2022,76,77,76,,,,Auto,e-motor,175 and 320 kW electric motors,,"175 and 320 kW electric motors;
129 Ah battery",Porsche,http://www.porsche.com,Sedan/Wagon,ELEC,Electric,Dedicated,215,,,,AWD
12967,41,1,391,27,Taycan 4S Cross Turismo,2022,75,75,75,,,,Auto,e-motor,175 and 320 kW electric motors,,"175 and 320 kW electric motors;
129 Ah battery",Porsche,http://www.porsche.com,Sedan/Wagon,ELEC,Electric,Dedicated,215,,,,AWD
12960,41,1,391,27,Taycan 4S Perf Battery,2022,79,80,79,,,,Auto,e-motor,150 and 270 kW electric motors,,"150 and 270 kW electric motors;
129 Ah battery",Porsche,http://www.porsche.com,Sedan/Wagon,ELEC,Electric,Dedicated,199,,,,AWD
12961,41,1,391,27,Taycan 4S Perf Battery Plus,2022,72,81,77,,,,Auto,e-motor,175 and 320 kW electric motors,,"175 and 320 kW electric motors;
129 Ah battery",Porsche,http://www.porsche.com,Sedan/Wagon,ELEC,Electric,Dedicated,227,,,,AWD
12964,41,1,391,27,Taycan Perf Battery,2022,76,84,79,,,,Auto,e-motor,240 kW electric motor,,"240 kW electric motor; 
129 Ah battery",Porsche,http://www.porsche.com,Sedan/Wagon,ELEC,Electric,Dedicated,200,,,,AWD
12965,41,1,391,27,Taycan Perf Battery Plus,2022,71,80,75,,,,Auto,e-motor,280 kW electric motor,,"280 kW electric motor; 
129 Ah battery",Porsche,http://www.porsche.com,Sedan/Wagon,ELEC,Electric,Dedicated,225,,,,AWD
12962,41,1,391,27,Taycan Turbo,2022,71,75,73,,,,Auto,e-motor,170 and 335 kW electric motors,,"170 and 335 kW electric motors;
129 Ah battery",Porsche,http://www.porsche.com,Sedan/Wagon,ELEC,Electric,Dedicated,212,,,,AWD
12968,41,1,391,27,Taycan Turbo Cross Turismo,2022,72,72,72,,,,Auto,e-motor,175 and 355 kW electric motors,,"175 and 355 kW electric motors;
129 Ah battery",Porsche,http://www.porsche.com,Sedan/Wagon,ELEC,Electric,Dedicated,204,,,,AWD
12963,41,1,391,27,Taycan Turbo S,2022,69,71,70,,,,Auto,e-motor,190 and 335 kW electric motors,,"190 and 335 kW electric motors;
129 Ah battery",Porsche,http://www.porsche.com,Sedan/Wagon,ELEC,Electric,Dedicated,201,,,,AWD
12969,41,1,391,27,Taycan Turbo S Cross Turismo,2022,74,73,73,,,,Auto,e-motor,175 and 355 kW electric motors,,"175 and 355 kW electric motors;
129 Ah battery",Porsche,http://www.porsche.com,Sedan/Wagon,ELEC,Electric,Dedicated,202,,,,AWD
12970,41,1,470,29,R1S,2022,73,65,69,,,,Auto,e-motor,"162, 162, 163, 163 kW ",,"162, 162, 163, 163kW electric independent electric motors;
360Ah battery",Rivian ,,SUV,ELEC,Electric,Dedicated,316,,,,Part-Time 4WD
12971,41,1,470,25,R1T,2022,74,66,70,,,,Auto,e-motor,"162, 162, 163, 163 kW ",,"162, 162, 163, 163kW electric independent electric motors;
360Ah battery",Rivian ,,Pickup,ELEC,Electric,Dedicated,314,,,,Part-Time 4WD
13014,41,1,237,27,Model 3 (Long Range) AWD,2022,134,126,131,,,,Auto,e-motor,98 kW and 195 kW electric motors,,"98 kW and 195 kW electric motors; 
235 Ah battery",Tesla,http://www.teslamotors.com/design/gallery-body.php,Sedan/Wagon,ELEC,Electric,Dedicated,353,,,,AWD
13015,41,1,237,27,Model 3 Performance AWD,2022,118,107,113,,,,Auto,e-motor,131kW and 190 kW electric motors,,"131kW and 190 kW electric motors; 
235 Ah battery",Tesla,http://www.teslamotors.com/design/gallery-body.php,Sedan/Wagon,ELEC,Electric,Dedicated,315,,,,AWD
13013,41,1,237,27,Model 3 RWD,2022,138,126,132,,,,Auto,e-motor,192 kW electric motor,,"192 kW electric motor; 
174 Ah battery",Tesla,http://www.teslamotors.com/design/gallery-body.php,Sedan/Wagon,ELEC,Electric,Dedicated,272,,,,RWD
13010,41,1,237,27,Model S ,2022,124,115,120,,,,Auto,e-motor,247 kW dual electric motors,,"247 kW dual electric motors;
256 Ah battery",Tesla,http://www.teslamotors.com/design/gallery-body.php,Sedan/Wagon,ELEC,Electric,Dedicated,405,,,,AWD
13012,41,1,237,27,"Model S Plaid (19"" Wheels)",2022,119,112,116,,,,Auto,e-motor,250 kW electric motors (X3),,"250 kW electric motors (X3);
256 Ah battery",Tesla,http://www.teslamotors.com/design/gallery-body.php,Sedan/Wagon,ELEC,Electric,Dedicated,396,,,,AWD
13011,41,1,237,27,"Model S Plaid (21"" Wheels)",2022,102,99,101,,,,Auto,e-motor,250 kW electric motors (X3),,"250 kW electric motors (X3);
256 Ah battery",Tesla,http://www.teslamotors.com/design/gallery-body.php,Sedan/Wagon,ELEC,Electric,Dedicated,348,,,,AWD
13019,41,1,237,29,Model X AWD,2022,107,97,102,,,,Auto,e-motor,243 and 248 kW electric motors,,"243 and 248 kW electric motors;
256 Ah battery",Tesla,http://www.teslamotors.com/design/gallery-body.php,SUV,ELEC,Electric,Dedicated,348,,,,AWD
13020,41,1,237,29,"Model X Plaid (20"" Wheels)",2022,103,93,98,,,,Auto,e-motor,230kW electric motors (X3),,"230kW electric motors (X3);
256 Ah battery",Tesla,http://www.teslamotors.com/design/gallery-body.php,SUV,ELEC,Electric,Dedicated,333,,,,AWD
13021,41,1,237,29,"Model X Plaid (22"" Wheels)",2022,94,88,91,,,,Auto,e-motor,230kW electric motors (X3),,"230kW electric motors (X3);
256 Ah battery",Tesla,http://www.teslamotors.com/design/gallery-body.php,SUV,ELEC,Electric,Dedicated,311,,,,AWD
13075,41,1,237,29,Model Y AWD,2022,129,116,123,,,,Auto,e-motor,91 and 200 kW electric motors,,"91 and 200 kW electric motors;
235 Ah battery",Tesla,http://www.teslamotors.com/design/gallery-body.php,SUV,ELEC,Electric,Dedicated,279,,,,AWD
13017,41,1,237,29,Model Y (Long Range) AWD,2022,127,117,122,,,,Auto,e-motor,91 and 200 kW electric motors,,"91 and 200 kW electric motors;
235 Ah battery",Tesla,http://www.teslamotors.com/design/gallery-body.php,SUV,ELEC,Electric,Dedicated,330,,,,AWD
13016,41,1,237,29,Model Y Performance AWD,2022,115,106,111,,,,Auto,e-motor,133 and 179 kW electric motors,,"133 and 179 kW electric motors;
235 Ah battery",Tesla,http://www.teslamotors.com/design/gallery-body.php,SUV,ELEC,Electric,Dedicated,303,,,,AWD
13018,41,1,237,29,Model Y RWD,2022,140,119,129,,,,Auto,e-motor,209 kW electric motor,,"209 kW electric motor;
158 Ah battery",Tesla,http://www.teslamotors.com/design/gallery-body.php,SUV,ELEC,Electric,Dedicated,244,,,,RWD
13022,41,1,395,29,C40 Recharge Twin,2022,94,80,87,,,,Auto,e-motor,150 kW electric motors (X2),,"150 kW electric motors (X2);
196 Ah battery",Volvo,,SUV,ELEC,Electric,Dedicated,226,,,,AWD
12885,41,1,395,29,XC40 Recharge Twin,2022,92,79,85,,,,Auto,e-motor,150kW electric motor,,"150 kW electric motor;
196 Ah battery",Volvo,,SUV,ELEC,Electric,Dedicated,223,,,,AWD
12623,41,,377,29,e-tron,2021,78,77,78,,,,Auto,e-motor,141 kW and 172 kW electric motor,,"141 kW and 172 kW electric motors;
240 Ah battery",Audi,http://progress.audiusa.com/,SUV,ELEC,Electric,,222,,,,
12622,41,,377,29,e-tron Sportback,2021,76,78,77,,,,Auto,e-motor,141 kW and 172 kW electric motor,,"141 kW and 172 kW electric motors;
240 Ah battery",Audi,http://progress.audiusa.com/,SUV,ELEC,Electric,,218,,,,
12750,41,1,211,27,i3,2021,124,102,113,,,,Auto,e-motor,125 kW electric motor,,"125 kW electric motor;
120 Ah battery",BMW,www.bmwusa.com,Sedan/Wagon,ELEC,Electric,Dedicated,153,,,,
12695,41,1,211,27,i3s,2021,124,102,113,,,,Auto,e-motor,135 kW electric motor,,"135 kW electric motor;
120 Ah battery",BMW,www.bmwusa.com,Sedan/Wagon,ELEC,Electric,Dedicated,153,,,,
12696,41,1,215,27,Bolt EV,2021,127,108,118,,,,,e-motor,150 kW electric motor,,"150 kW electric motor;
189 Ah battery",Chevrolet,http://www.chevrolet.com,Sedan/Wagon,ELEC,Electric,Dedicated,259,,,,
12666,41,1,219,27,Mustang Mach-E AWD,2021,100,86,93,,,,Auto,e-motor,198 kW electric motor,,"198 kW electric motor;
216 kWh battery",Ford,https://www.ford.com,Sedan/Wagon,ELEC,Electric,Dedicated,211,,,,Part-Time 4WD
12667,41,1,219,27,Mustang Mach-E AWD Extended,2021,96,84,90,,,,Auto,e-motor,209 kW electric motor,,"209 kW electric motor;
288 kWh battery",Ford,https://www.ford.com,Sedan/Wagon,ELEC,Electric,Dedicated,270,,,,
12993,41,1,219,27,Mustang Mach-E GT AWD,2021,90,77,84,,,,Auto,e-motor,179  kW electric motors (X2),,"179  kW electric motors (X2);
288 Ah battery",Ford,https://www.ford.com,Sedan/Wagon,ELEC,Electric,Dedicated,270,,,,AWD
12994,41,1,219,27,Mustang Mach-E GT AWD,2021,88,75,82,,,,Auto,e-motor,179  kW electric motors (X2),,"179  kW electric motors (X2);
288 Ah battery",Ford,https://www.ford.com,Sedan/Wagon,ELEC,Electric,Dedicated,260,,,,AWD
12664,41,1,219,27,Mustang Mach-E RWD,2021,105,93,100,,,,Auto,e-motor,198 kW electric motor,,"198 kW electric motor;
216 kWh battery",Ford,https://www.ford.com,Sedan/Wagon,ELEC,Electric,Dedicated,230,,,,
12714,41,1,219,27,Mustang Mach-E RWD California Route 1,2021,108,94,101,,,,Auto,e-motor,216 kW electric motor,,"216 kW electric motor;
288 kWh battery",Ford,https://www.ford.com,Sedan/Wagon,ELEC,Electric,Dedicated,305,,,,
12665,41,1,219,27,Mustang Mach-E RWD Extended,2021,104,90,97,,,,Auto,e-motor,216 kW electric motor,,"216 kW electric motor;
288 kWh battery",Ford,https://www.ford.com,Sedan/Wagon,ELEC,Electric,Dedicated,300,,,,
12756,41,1,351,27,Ioniq Electric,2021,145,121,133,,,,Auto,e-motor,100 kW electric motor,,"100 kW electric motor;
120 Ah battery",Hyundai,http://www.hyundaiusa.com/,Sedan/Wagon,ELEC,Electric,Dedicated,170,,,,
12725,41,1,351,29,Kona Electric,2021,132,108,120,,,,Auto,e-motor,150 kW electric motor,,"150 kW electric motor;
180 Ah battery",Hyundai,http://www.hyundaiusa.com/,SUV,ELEC,Electric,Dedicated,258,,,,
12757,41,1,385,29,I-PACE EV400,2021,80,72,76,,,,Auto,e-motor,,,223 Ah battery,Jaguar,http://www.jaguarusa.com/index.html,SUV,ELEC,Electric,Dedicated,234,,,,4WD
12686,41,1,466,27,K27,2021,127,102,114,,,,Auto,e-motor,20 kW electric motor,,"20 kW electric motor;
57 Ah battery",Kandi,,Sedan/Wagon,ELEC,Electric,Dedicated,59,,,,
12751,41,1,361,27,Niro Electric,2021,123,102,112,,,,Auto,e-motor,150 kW electric motor,,"150 kW electric motor;
180 Ah battery",Kia,http://www.kia.com,Sedan/Wagon,ELEC,Electric,Dedicated,239,,,,
12556,41,,425,27,Cooper SE Hardtop 2 door,2021,115,100,108,,,,Auto,e-motor,135 kW electric motor,,"135 kW electric motor;
93 Ah battery",Mini,,Sedan/Wagon,ELEC,Electric,,110,,,,
12697,41,9,217,27,Leaf (40 kWh battery pack),2021,123,99,111,,,,Auto,e-motor,110 kW electric motor,,"110 kW electric motor;
115 Ah battery",Nissan,http://www.nissanusa.com,Sedan/Wagon,ELEC,Electric,Hybrid Electric,149,,,,
12700,41,1,217,27,Leaf (62 kWh battery pack),2021,118,97,108,,,,Auto,e-motor,160 kW electric motor,,"160 kW electric motor;
176 Ah battery",Nissan,http://www.nissanusa.com,Sedan/Wagon,ELEC,Electric,Dedicated,226,,,,FWD
12699,41,1,217,27,Leaf SV/SL (62 kWh battery pack),2021,114,94,104,,,,Auto,e-motor,160 kW electric motor,,"160 kW electric motor;
176 Ah battery",Nissan,http://www.nissanusa.com,Sedan/Wagon,ELEC,Electric,Dedicated,215,,,,
12595,41,1,462,27,Polestar 2,2021,96,88,92,,,,Auto,,,,"150 kW electric motor;
196 Ah battery",Polestar Automotive USA,,Sedan/Wagon,ELEC,Electric,Dedicated,233,,,,
12701,41,1,391,27,Taycan 4S Perf Battery,2021,79,80,79,,,,Auto,e-motor,194 and 280 kW electric motors,,"194 and 280 kW electric motors;
129 Ah battery",Porsche,http://www.porsche.com,Sedan/Wagon,ELEC,Electric,Dedicated,199,,,,
12702,41,1,391,27,Taycan 4S Perf Battery Plus,2021,75,81,77,,,,Auto,e-motor,210 and 250 kW electric motors,,"210 and 250 kW electric motors;
129 Ah battery",Porsche,http://www.porsche.com,Sedan/Wagon,ELEC,Electric,Dedicated,227,,,,
12739,41,1,391,27,Taycan Perf Battery,2021,76,84,79,,,,Auto,e-motor,240 kW electric motor,,240 kW electric motor; 129 Ah battery,Porsche,http://www.porsche.com,Sedan/Wagon,ELEC,Electric,Dedicated,200,,,,
12740,41,1,391,27,Taycan Perf Battery Plus,2021,71,80,75,,,,Auto,e-motor,280 kW electric motor,,280 kW electric motor; 129 Ah battery,Porsche,http://www.porsche.com,Sedan/Wagon,ELEC,Electric,Dedicated,225,,,,
12759,41,1,391,27,Taycan Turbo,2021,71,75,73,,,,Auto,e-motor,,,129 Ah battery,Porsche,http://www.porsche.com,Sedan/Wagon,ELEC,Electric,Dedicated,212,,,,
12758,41,1,391,27,Taycan Turbo S,2021,69,71,70,,,,Auto,e-motor,,,129 Ah battery,Porsche,http://www.porsche.com,Sedan/Wagon,ELEC,Electric,Dedicated,201,,,,
12626,41,1,237,27,Model 3 Long Range AWD,2021,141,127,134,,,,Auto,e-motor,131 and 190 kW electric motors,,"131 kW and 190 kW electric motors;
235 Ah battery",Tesla,http://www.teslamotors.com/design/gallery-body.php,Sedan/Wagon,ELEC,Electric,Dedicated,353,,,,
12627,41,1,237,27,Model 3 Performance AWD,2021,118,107,113,,,,Auto,e-motor,131 and 190 kW electric motors,,"131 kW and 190 kW electric motors;
235 Ah battery",Tesla,http://www.teslamotors.com/design/gallery-body.php,Sedan/Wagon,ELEC,Electric,Dedicated,315,,,,
12752,41,1,237,27,Model 3 Standard Range Plus RWD,2021,150,133,142,,,,Auto,e-motor,198 kW electric motor,,198 kW electric motor; 158 Ah battery,Tesla,http://www.teslamotors.com/design/gallery-body.php,Sedan/Wagon,ELEC,Electric,Dedicated,263,,,,RWD
12774,41,1,237,27,Model S Long Range,2021,124,115,120,,,,Auto,e-motor,179 kW and 186 kW electric motor,,"179 kW and 186 kW electric motors; 
305 Ah battery",Tesla,http://www.teslamotors.com/design/gallery-body.php,Sedan/Wagon,ELEC,Electric,Dedicated,405,,,,
12673,41,1,237,27,"Model S Performance (19"" Wheels)",2021,114,106,110,,,,Auto,e-motor,149 kW and 276 kW electric motor,,"149 kW and 276 kW electric motors;
305 Ah battery",Tesla,http://www.teslamotors.com/design/gallery-body.php,Sedan/Wagon,ELEC,Electric,Dedicated,387,,,"This model is also available with 21"" wheels, at reduced fuel economy and 334 miles range.",
12776,41,1,237,27,"Model S Plaid (21"" Wheels)",2021,102,99,101,,,,Auto,e-motor,250 kW electric motors (X3),,"250 kW electric motors (X3);
256 Ah battery",Tesla,http://www.teslamotors.com/design/gallery-body.php,Sedan/Wagon,ELEC,Electric,Dedicated,348,,,,AWD
12624,41,1,237,29,Model X Long Range Plus,2021,109,101,105,,,,Auto,e-motor,180 and 189 kW electric motor,,"180 and 189 kW electric motors;
305 Ah battery",Tesla,http://www.teslamotors.com/design/gallery-body.php,SUV,ELEC,Electric,Dedicated,371,,,,
12625,41,1,237,29,"Model X Performance (20"" Wheels)",2021,100,95,97,,,,Auto,e-motor,151 and 273 kW electric motors,,"151 kW and 273 kW electric motors;
305 Ah battery",Tesla,http://www.teslamotors.com/design/gallery-body.php,SUV,ELEC,Electric,Dedicated,341,,,"This model is also available with 22"" wheels, at reduced fuel economy and 300 miles range.",
12629,41,1,237,29,Model Y Long Range AWD,2021,131,117,125,,,,Auto,e-motor,69 and 201 kW electric motors,,"69 and 201 kW electric motors;
235 Ah battery",Tesla,http://www.teslamotors.com/design/gallery-body.php,SUV,ELEC,Electric,Dedicated,326,,,,
12628,41,1,237,29,Model Y Performance AWD,2021,115,106,111,,,,Auto,e-motor,133 and 179 kW electric motors,,"133 and 179 kW electric motors;
235 Ah battery",Tesla,http://www.teslamotors.com/design/gallery-body.php,SUV,ELEC,Electric,Dedicated,303,,,,
12760,41,1,237,29,Model Y Standard Range RWD,2021,140,119,129,,,,Auto,e-motor,209 kW electric motor,,"209 kW electric motor;
158 Ah battery",Tesla,http://www.teslamotors.com/design/gallery-body.php,SUV,ELEC,Electric,Dedicated,244,,,,
12674,41,1,347,29,ID.4 1st,2021,104,89,97,,,,Auto,e-motor,150 kW electric motor,,"150 kW electric motor;
234 Ah battery",Volkswagen,http://www.vw.com,SUV,ELEC,Electric,Dedicated,250,,,,
12996,41,1,347,29,ID.4 AWD Pro,2021,102,90,97,,,,Auto,e-motor,80 and 150 kW electric motors,,"80 and 150 kW electric motors;
234 Ah battery",Volkswagen,http://www.vw.com,SUV,ELEC,Electric,Dedicated,249,,,,AWD
12838,41,1,347,29,ID.4 Pro,2021,107,91,99,,,,Auto,e-motor,150 kW electric motor,,"150 kW electric motor;
234 Ah battery",Volkswagen,http://www.vw.com,SUV,ELEC,Electric,Dedicated,260,,,,
12675,41,1,347,29,ID.4 Pro S,2021,104,89,97,,,,Auto,e-motor,150 kW electric motor,,"150 kW electric motor;
234 Ah battery",Volkswagen,http://www.vw.com,SUV,ELEC,Electric,Dedicated,250,,,,
12995,41,1,347,29,ID.4 Pro S AWD ,2021,98,88,93,,,,Auto,e-motor,80 and 150 kW electric motors,,"80 and 150 kW electric motors;
234 Ah battery",Volkswagen,http://www.vw.com,SUV,ELEC,Electric,Dedicated,240,,,,AWD
12596,41,1,395,29,XC40 Recharge,2021,85,72,79,,,,Auto,,,,"150 kW electric motor;
196 Ah battery",Volvo,,SUV,ELEC,Electric,Dedicated,208,,,,
12432,41,,377,29,e-tron Sportback,2020,76,78,77,,,,Auto,e-motor,141 kW and 172 kW electric motor,,"141 kW and 172 kW electric motors;
240 Ah battery",Audi,http://progress.audiusa.com/,SUV,ELEC,Electric,,218,,,,
12438,41,1,211,27,i3,2020,124,102,113,,,,Auto,e-motor,125 kW electric motor,,"125 kW electric motor;
120 Ah battery",BMW,www.bmwusa.com,Sedan/Wagon,ELEC,Electric,Dedicated,153,,,,
12439,41,1,211,27,i3s,2020,124,102,113,,,,Auto,e-motor,135 kW electric motor,,"135 kW electric motor;
120 Ah battery",BMW,www.bmwusa.com,Sedan/Wagon,ELEC,Electric,Dedicated,153,,,,
12351,41,1,215,27,Bolt EV,2020,127,108,118,,,,,e-motor,150 kW electric motor,,"150 kW electric motor;
188 Ah battery",Chevrolet,http://www.chevrolet.com,Sedan/Wagon,ELEC,Electric,Dedicated,259,,,,
12462,41,1,219,9,Transit Cargo Van,2020,,,,,,,Auto,e-motor,160 kW electric motor,,"160 kW electric motor;
86 kWh battery",Ford,https://www.ford.com,Van,ELEC,Electric,Dedicated,120,,,"This vehicle is available with an electric power train developed and installed by Lightning eMotors, an approved qualified vehicle modifier (QVM). It is available for delivery through select Ford dealerships, without impacting OEM warranties or service agreements.",
12461,41,1,219,9,Transit Cargo Van,2020,,,,,,,Auto,e-motor,160 kW electric motor,,"160 kW electric motor;
43 kWh battery",Ford,https://www.ford.com,Van,ELEC,Electric,Dedicated,60,,,"This vehicle is available with an electric power train developed and installed by Lightning eMotors, an approved qualified vehicle modifier (QVM). It is available for delivery through select Ford dealerships, without impacting OEM warranties or service agreements.",
12463,41,1,219,3,Transit Passenger Van,2020,,,,,,,Auto,e-motor,160 kW electric motor,,"160 kW electric motor;
86 kWh battery",Ford,https://www.ford.com,Passenger Van/Shuttle Bus,ELEC,Electric,Dedicated,120,,,"This vehicle is available with an electric power train developed and installed by Lightning eMotors, an approved qualified vehicle modifier (QVM). It is available for delivery through select Ford dealerships, without impacting OEM warranties or service agreements.",
12464,41,1,219,3,Transit Passenger Van,2020,,,,,,,Auto,e-motor,160 kW electric motor,,"160 kW electric motor;
43 kWh battery",Ford,https://www.ford.com,Passenger Van/Shuttle Bus,ELEC,Electric,Dedicated,60,,,"This vehicle is available with an electric power train developed and installed by Lightning eMotors, an approved qualified vehicle modifier (QVM). It is available for delivery through select Ford dealerships, without impacting OEM warranties or service agreements.",
12362,41,1,351,27,Ioniq Electric,2020,145,121,133,,,,Auto,e-motor,88 kW electric motor,,"100 kW electric motor;
120 Ah battery",Hyundai,http://www.hyundaiusa.com/,Sedan/Wagon,ELEC,Electric,Dedicated,170,,,,
12352,41,1,351,29,Kona Electric,2020,132,108,120,,,,Auto,e-motor,150 kW electric motor,,"150 kW electric motor;
180 Ah battery",Hyundai,http://www.hyundaiusa.com/,SUV,ELEC,Electric,Dedicated,258,,,,
12267,41,1,385,29,I-PACE,2020,80,72,76,,,,Auto,e-motor,201 kW electric motor,,"201 kW electric motor;
223 Ah battery",Jaguar,http://www.jaguarusa.com/index.html,SUV,ELEC,Electric,Dedicated,234,,,,
12440,41,1,361,27,Niro Electric,2020,123,102,112,,,,Auto,e-motor,150 kW electric motor,,"150 kW electric motor;
180 Ah battery",Kia,http://www.kia.com,Sedan/Wagon,ELEC,Electric,Dedicated,239,,,,
12434,41,,425,27,Cooper SE Hardtop 2 door,2020,115,100,108,,,,Auto,e-motor,135 kW electric motor,,"135 kW electric motor;
93 Ah battery",Mini,,Sedan/Wagon,ELEC,Electric,,110,,,,
12444,41,9,217,27,Leaf (40 kWh battery pack),2020,123,99,111,,,,Auto,e-motor,110 kW electric motor,,"110 kW electric motor;
115 Ah battery",Nissan,http://www.nissanusa.com,Sedan/Wagon,ELEC,Electric,Hybrid Electric,149,,,,
12445,41,1,217,27,Leaf (62 kWh battery pack),2020,118,97,108,,,,Auto,e-motor,160 kW electric motor,,"160 kW electric motor;
176 Ah battery",Nissan,http://www.nissanusa.com,Sedan/Wagon,ELEC,Electric,Dedicated,226,,,,
12446,41,1,217,27,Leaf SV/SL (62 kWh battery pack),2020,114,94,104,,,,Auto,e-motor,160 kW electric motor,,"160 kW electric motor;
176 Ah battery",Nissan,http://www.nissanusa.com,Sedan/Wagon,ELEC,Electric,Dedicated,215,,,,
12451,41,1,391,27,Taycan 4S Perf Battery Plus,2020,68,69,71,,,,Auto,e-motor,120 kW electric motor,,"120 kW electric motor
129 Ah battery",Porsche,http://www.porsche.com,Sedan/Wagon,ELEC,Electric,Dedicated,203,,,,
12417,41,1,391,27,Taycan Turbo,2020,68,69,71,,,,Auto,e-motor,170 kW electric motor,,"170 kW electric motor
129 Ah battery",Porsche,http://www.porsche.com,Sedan/Wagon,ELEC,Electric,Dedicated,201,,,,
12416,41,1,391,27,Taycan Turbo S,2020,67,68,68,,,,Auto,e-motor,170 kW electric motor,,"170 kW electric motor
129 Ah battery",Porsche,http://www.porsche.com,Sedan/Wagon,ELEC,Electric,Dedicated,192,,,,
12372,41,1,237,27,Model 3 Long Range,2020,136,123,130,,,,Auto,e-motor,211 kW electric motor,,"211 kW electric motor;
230 Ah battery",Tesla,http://www.teslamotors.com/design/gallery-body.php,Sedan/Wagon,ELEC,Electric,Dedicated,330,,,,
12373,41,1,237,27,Model 3 Long Range AWD,2020,124,116,121,,,,Auto,e-motor,147 kW and 188 kW electric motor,,"147 kW and 188 kW electric motors;
230 Ah battery",Tesla,http://www.teslamotors.com/design/gallery-body.php,Sedan/Wagon,ELEC,Electric,Dedicated,322,,,,
12374,41,1,237,27,"Model 3 Long Range Performance AWD (18"" Wheels)",2020,124,116,121,,,,Auto,e-motor,147 kW and 188 kW electric motor,,"147 kW and 188 kW electric motors;
230 Ah battery",Tesla,http://www.teslamotors.com/design/gallery-body.php,Sedan/Wagon,ELEC,Electric,Dedicated,322,,,"This model is also available with 19"" or 20"" wheels, at reduced fuel economy and range.",
12371,41,1,237,27,Model 3 Mid Range,2020,128,117,123,,,,Auto,e-motor,211 kW electric motor,,"211 kW electric motor;
230 Ah battery",Tesla,http://www.teslamotors.com/design/gallery-body.php,Sedan/Wagon,ELEC,Electric,Dedicated,264,,,,
12369,41,1,237,27,Model 3 Standard Range,2020,138,124,133,,,,Auto,e-motor,211 kW electric motor,,"211 kW electric motor;
230 Ah battery",Tesla,http://www.teslamotors.com/design/gallery-body.php,Sedan/Wagon,ELEC,Electric,Dedicated,220,,,,
12370,41,1,237,27,Model 3 Standard Range Plus,2020,148,141,132,,,,Auto,e-motor,211 kW electric motor,,"211 kW electric motor;
230 Ah battery",Tesla,http://www.teslamotors.com/design/gallery-body.php,Sedan/Wagon,ELEC,Electric,Dedicated,250,,,,
12368,41,1,237,27,Model S Long Range,2020,115,107,111,,,,Auto,e-motor,193 kW and 205 kW electric motor,,"193 kW and 205 kW electric motor;
245 Ah battery",Tesla,http://www.teslamotors.com/design/gallery-body.php,Sedan/Wagon,ELEC,Electric,Dedicated,373,,,,
12465,41,1,237,27,Model S Long Range Plus,2020,121,112,117,,,,Auto,e-motor,193 kW and 375 kW electric motor,,"193 kW and 375 kW electric motor;
245 Ah battery",Tesla,http://www.teslamotors.com/design/gallery-body.php,Sedan/Wagon,ELEC,Electric,Dedicated,402,,,,
12366,41,1,237,27,"Model S Performance (19"" Wheels)",2020,104,104,104,,,,Auto,e-motor,193 kW and 205 kW electric motor,,"193 kW and 205 kW electric motor;
245 Ah battery",Tesla,http://www.teslamotors.com/design/gallery-body.php,Sedan/Wagon,ELEC,Electric,Dedicated,348,,,"This model is also available with 21"" wheels, at reduced fuel economy and 326 miles range.",
12367,41,1,237,27,Model S Standard Range,2020,113,105,109,,,,Auto,e-motor,193 kW and 205 kW electric motor,,"193 kW and 205 kW electric motor;
245 Ah battery",Tesla,http://www.teslamotors.com/design/gallery-body.php,Sedan/Wagon,ELEC,Electric,Dedicated,287,,,,
12364,41,1,237,29,Model X Long Range,2020,99,93,96,,,,Auto,e-motor,193 and 205 kW electric motor,,"193 and 205 kW electric motors;
250 Ah battery",Tesla,http://www.teslamotors.com/design/gallery-body.php,SUV,ELEC,Electric,Dedicated,328,,,,
12365,41,1,237,29,"Model X Performance (20"" Wheels)",2020,90,89,90,,,,Auto,e-motor,205 and 375 kW electric motors,,"205 and 375 kW electric motors;
250 Ah battery",Tesla,http://www.teslamotors.com/design/gallery-body.php,SUV,ELEC,Electric,Dedicated,305,,,"This model is also available with 22"" wheels, at reduced fuel economy and 272 miles range.",
12363,41,1,237,29,Model X Standard Range,2020,105,98,101,,,,Auto,e-motor,193 and 205 kW electric motor,,"193 and 205 kW electric motors;
250 Ah battery",Tesla,http://www.teslamotors.com/design/gallery-body.php,SUV,ELEC,Electric,Dedicated,258,,,,
12498,41,1,237,29,Model Y Long Range AWD,2020,127,114,121,,,,Auto,e-motor,158 and 203 kW electric motors,,"158 and 203 kW electric motors;
230 Ah battery",Tesla,http://www.teslamotors.com/design/gallery-body.php,SUV,ELEC,Electric,Dedicated,316,,,,
12454,41,1,237,29,Model Y Performance AWD,2020,129,112,121,,,,Auto,e-motor,147 and 211 kW electric motors,,"147 and 211 kW electric motors;
230 Ah battery",Tesla,http://www.teslamotors.com/design/gallery-body.php,SUV,ELEC,Electric,Dedicated,315,,,,
12497,41,1,237,29,"Model Y Performance AWD (21"" wheels)",2020,116,106,111,,,,Auto,e-motor,158 and 219 kW electric motors,,"158 and 219 kW electric motors;
230 Ah battery",Tesla,http://www.teslamotors.com/design/gallery-body.php,SUV,ELEC,Electric,Dedicated,291,,,,
12353,41,1,347,27,e-Golf,2020,122,104,113,,,,Auto,e-motor,100 kW electric motor,,"100 kW electric motor;
111 Ah battery",Volkswagen,http://www.vw.com,Sedan/Wagon,ELEC,Electric,Dedicated,123,,,,
12247,41,,377,29,e-tron,2019,73,74,74,,,,Auto,e-motor,141 kW and 172 kW electric motor,,"141 kW and 172 kW electric motors;
240 Ah battery",Audi,http://progress.audiusa.com/,SUV,ELEC,Electric,,204,,,,
12100,41,1,211,27,i3,2019,124,102,113,,,,Auto,e-motor,135 kW electric motor,,"125 kW electric motor;
120 Ah battery",BMW,www.bmwusa.com,Sedan/Wagon,ELEC,Electric,Dedicated,153,,,,
12101,41,1,211,27,i3s,2019,124,102,113,,,,Auto,e-motor,135 kW electric motor,,"135 kW electric motor;
120 Ah battery",BMW,www.bmwusa.com,Sedan/Wagon,ELEC,Electric,Dedicated,153,,,,
12217,41,1,410,27,e6,2019,73,71,72,,,,Auto,e-motor,75 kW electric motor,,"75 kW electric motor; 
270 Ah battery",BYD Motors,http://www.byd.com/,Sedan/Wagon,ELEC,Electric,Dedicated,187,,,,
12209,41,1,215,27,Bolt EV,2019,128,110,119,,,,,e-motor,150 kW electric motor,,"150 kW electric motor;
171 Ah battery",Chevrolet,http://www.chevrolet.com,Sedan/Wagon,ELEC,Electric,Dedicated,238,,,,
12219,41,1,379,27,500e,2019,121,103,112,,,,Auto,e-motor,82 kW electric motor,,"82 kW electric motor;
63 Ah battery",Fiat,http://www.fiatusa.com/,Sedan/Wagon,ELEC,Electric,Dedicated,84,,,,
12220,41,1,219,9,Transit Van/Wagon,2019,,,,,,,Auto,e-motor,160 kW electric motor,,"160 kW electric motor;
86 kWh battery",Ford,https://www.ford.com,Van,ELEC,Electric,Dedicated,120,,,"This vehicle is available with an electric power train developed and installed by Lightning Systems, an approved qualified vehicle modifier (QVM). It is available for delivery through select Ford dealerships, without impacting OEM warranties or service agreements.",
12246,41,1,219,9,Transit Van/Wagon,2019,,,,,,,Auto,e-motor,160 kW electric motor,,"160 kW electric motor;
43 kWh battery",Ford,https://www.ford.com,Van,ELEC,Electric,Dedicated,60,,,"This vehicle is available with an electric power train developed and installed by Lightning Systems, an approved qualified vehicle modifier (QVM). It is available for delivery through select Ford dealerships, without impacting OEM warranties or service agreements.",
12170,41,1,209,27,Clarity,2019,126,103,114,,,,Auto,e-motor,120 kW electric motor,,"120 kW electric motor; 
82 Ah battery",Honda,http://automobiles.honda.com,Sedan/Wagon,ELEC,Electric,Dedicated,89,,,,
12061,41,1,351,27,Ioniq Electric,2019,150,122,136,,,,Auto,e-motor,88 kW electric motor,,"88 kW electric motor;
78 Ah battery",Hyundai,http://www.hyundaiusa.com/,Sedan/Wagon,ELEC,Electric,Dedicated,124,,,,
12210,41,1,351,29,Kona Electric,2019,132,108,120,,,,Auto,e-motor,150 kW electric motor,,"150 kW electric motor;
180 Ah battery",Hyundai,http://www.hyundaiusa.com/,SUV,ELEC,Electric,Dedicated,258,,,,
12103,41,1,385,29,I-PACE,2019,80,72,76,,,,Auto,e-motor,147 kW electric motor,,"147 kW electric motor;
223 Ah battery",Jaguar,http://www.jaguarusa.com/index.html,SUV,ELEC,Electric,Dedicated,239,,,,
12104,41,1,361,27,Niro Electric,2019,123,102,112,,,,Auto,e-motor,150 kW electric motor,,"150 kW electric motor;
180 Ah battery",Kia,http://www.kia.com,Sedan/Wagon,ELEC,Electric,Dedicated,239,,,,
12221,41,1,361,27,Soul,2019,124,93,108,,,,Auto,e-motor,81 kW electric motor,,"81 kW electric motor;
80 Ah battery",Kia,http://www.kia.com,Sedan/Wagon,ELEC,Electric,Dedicated,111,,,,
12075,41,9,217,27,Leaf (40 kWh battery pack),2019,124,99,112,,,,Auto,e-motor,110 kW electric motor,,"110 kW electric motor;
115 Ah battery",Nissan,http://www.nissanusa.com,Sedan/Wagon,ELEC,Electric,Hybrid Electric,150,,,,
12222,41,1,217,27,Leaf (62 kWh battery pack),2019,118,97,108,,,,Auto,e-motor,160 kW electric motor,,"160 kW electric motor;
176 Ah battery",Nissan,http://www.nissanusa.com,Sedan/Wagon,ELEC,Electric,Dedicated,226,,,,
12223,41,1,217,27,Leaf SV/SL (62 kWh battery pack),2019,114,94,104,,,,Auto,e-motor,160 kW electric motor,,"160 kW electric motor;
176 Ah battery",Nissan,http://www.nissanusa.com,Sedan/Wagon,ELEC,Electric,Dedicated,215,,,,
12172,41,1,381,27,EQ fortwo convertible,2019,112,91,102,,,,Auto,e-motor,60 kW electric motor,,"60 kW electric motor;
51 Ah battery",smart,http://www.smartusa.com/,Sedan/Wagon,ELEC,Electric,Dedicated,57,,,,
12171,41,1,381,27,EQ fortwo coupe,2019,124,94,108,,,,Auto,e-motor,60 kW electric motor,,"60 kW electric motor;
51 Ah battery",smart,http://www.smartusa.com/,Sedan/Wagon,ELEC,Electric,Dedicated,58,,,,
12181,41,1,237,27,Model 3 Long Range,2019,136,123,130,,,,Auto,e-motor,211 kW electric motor,,"211 kW electric motor;
230 Ah battery",Tesla,http://www.teslamotors.com/design/gallery-body.php,Sedan/Wagon,ELEC,Electric,Dedicated,310,,,,
12182,41,1,237,27,Model 3 Long Range AWD,2019,120,112,116,,,,Auto,e-motor,147 kW and 188 kW electric motor,,"147 kW and 188 kW electric motors;
230 Ah battery",Tesla,http://www.teslamotors.com/design/gallery-body.php,Sedan/Wagon,ELEC,Electric,Dedicated,310,,,,
12179,41,1,237,27,Model 3 Long Range AWD Performance,2019,120,112,116,,,,Auto,e-motor,147 kW and 211 kW electric motor,,"147 kW and 211 kW electric motors;
230 Ah battery",Tesla,http://www.teslamotors.com/design/gallery-body.php,Sedan/Wagon,ELEC,Electric,Dedicated,310,,,,
12180,41,1,237,27,Model 3 Mid Range,2019,128,117,123,,,,Auto,e-motor,202 kW electric motor,,"202 kW electric motor;
230 Ah battery",Tesla,http://www.teslamotors.com/design/gallery-body.php,Sedan/Wagon,ELEC,Electric,Dedicated,264,,,,
12250,41,1,237,27,Model 3 Standard Range,2019,138,124,131,,,,Auto,e-motor,211 kW electric motor,,"211 kW electric motor;
230 Ah battery",Tesla,http://www.teslamotors.com/design/gallery-body.php,Sedan/Wagon,ELEC,Electric,Dedicated,220,,,,
12251,41,1,237,27,Model 3 Standard Range Plus,2019,140,124,133,,,,Auto,e-motor,211 kW electric motor,,"211 kW electric motor;
230 Ah battery",Tesla,http://www.teslamotors.com/design/gallery-body.php,Sedan/Wagon,ELEC,Electric,Dedicated,240,,,,
12177,41,1,237,27,Model S 100D,2019,101,102,102,,,,Auto,e-motor,193 kW electric motor (X2),,"193 kW electric motor (X2);
245 Ah battery",Tesla,http://www.teslamotors.com/design/gallery-body.php,Sedan/Wagon,ELEC,Electric,Dedicated,335,,,,
12178,41,1,237,27,Model S 75D,2019,102,105,103,,,,Auto,e-motor,193 kW electric motor (X2),,"193 kW electric motor (X2);
245 Ah battery",Tesla,http://www.teslamotors.com/design/gallery-body.php,Sedan/Wagon,ELEC,Electric,Dedicated,259,,,,
12249,41,1,237,27,Model S Long Range,2019,115,107,111,,,,Auto,e-motor,193 kW and 205 kW electric motor,,"193 kW and 205 kW electric motor;
245 Ah battery",Tesla,http://www.teslamotors.com/design/gallery-body.php,Sedan/Wagon,ELEC,Electric,Dedicated,370,,,,
12176,41,1,237,27,Model S P100D,2019,92,105,98,,,,Auto,e-motor,193 kW and 375 kW electric motor,,"193 kW and 375 kW electric motor;
245 Ah battery",Tesla,http://www.teslamotors.com/design/gallery-body.php,Sedan/Wagon,ELEC,Electric,Dedicated,315,,,,
12248,41,1,237,27,"Model S Performance (19"" Wheels)",2019,104,104,104,,,,Auto,e-motor,193 kW and 205 kW electric motor,,"193 kW and 205 kW electric motor;
245 Ah battery",Tesla,http://www.teslamotors.com/design/gallery-body.php,Sedan/Wagon,ELEC,Electric,Dedicated,345,,,,
12258,41,1,237,27,Model S Standard Range,2019,113,105,109,,,,Auto,e-motor,193 kW and 205 kW electric motor,,"193 kW and 205 kW electric motor;
245 Ah battery",Tesla,http://www.teslamotors.com/design/gallery-body.php,Sedan/Wagon,ELEC,Electric,Dedicated,285,,,,
12174,41,1,237,29,Model X 100D,2019,86,89,87,,,,Auto,e-motor,193 kW and 193 kW electric motor,,"193 kW kW electric motor (X2);
250 Ah battery",Tesla,http://www.teslamotors.com/design/gallery-body.php,SUV,ELEC,Electric,Dedicated,295,,,,
12173,41,1,237,29,Model X 75D,2019,91,95,93,,,,Auto,e-motor,193 kW electric motor (X2),,"193 kW electric motor (X2);
250 Ah battery",Tesla,http://www.teslamotors.com/design/gallery-body.php,SUV,ELEC,Electric,Dedicated,238,,,,
12256,41,1,237,29,Model X Long Range,2019,99,93,96,,,,Auto,e-motor,"193, 205, 375 kW electric motor",,"193, 205, and 375 kW electric motors;
250 Ah battery",Tesla,http://www.teslamotors.com/design/gallery-body.php,SUV,ELEC,Electric,Dedicated,325,,,,
12175,41,1,237,29,Model X P100D,2019,83,89,85,,,,Auto,e-motor,193 kW and 375 kW electric motor,,"193 kW and 375 kW electric motor;
250 Ah battery",Tesla,http://www.teslamotors.com/design/gallery-body.php,SUV,ELEC,Electric,Dedicated,289,,,,
12257,41,1,237,29,"Model X Performance (22"" Wheels)",2019,80,77,79,,,,Auto,e-motor,"193, 205, 375 kW electric motor",,"193, 205, and 375 kW electric motors;
250 Ah battery",Tesla,http://www.teslamotors.com/design/gallery-body.php,SUV,ELEC,Electric,Dedicated,270,,,,
12105,41,1,347,27,e-Golf,2019,126,111,119,,,,Auto,e-motor,100 kW electric motor,,"100 kW electric motor;
111 Ah battery",Volkswagen,http://www.vw.com,Sedan/Wagon,ELEC,Electric,Dedicated,125,,,,
11975,41,1,211,27,I3 (94 Ah) ,2018,129,106,,,,,Auto,e-motor,125 kW electric motor,,"125 kW electric motor;
94 Ah battery",BMW,www.bmwusa.com,Sedan/Wagon,ELEC,Electric,Dedicated,,,,,
11976,41,1,211,27,I3s (94 Ah) ,2018,126,99,,,,,Auto,e-motor,125 kW electric motor,,"125 kW electric motor;
94 Ah battery",BMW,www.bmwusa.com,Sedan/Wagon,ELEC,Electric,Dedicated,,,,,
12218,41,1,410,27,e6,2018,73,71,,,,,Auto,e-motor,75 kW electric motor,,"75 kW electric motor; 
270 Ah battery",BYD Motors,http://www.byd.com/,Sedan/Wagon,ELEC,Electric,Dedicated,,,,,
11841,41,1,215,27,Bolt EV,2018,128,110,,,,,,e-motor,150 kW electric motor,,"150 kW electric motor;
171 Ah battery",Chevrolet,http://www.chevrolet.com,Sedan/Wagon,ELEC,Electric,Dedicated,,,,,
11990,41,1,379,27,500e,2018,121,103,,,,,Auto,e-motor,82 kW electric motor,,"82 kW electric motor;
63 Ah battery",Fiat,http://www.fiatusa.com/,Sedan/Wagon,ELEC,Electric,Dedicated,,,,,
11842,41,1,219,27,Focus Electric FWD,2018,118,96,,,,,Auto,e-motor,107 kW electric motor,,"107 kW electric motor;
105 Ah battery",Ford,https://www.ford.com,Sedan/Wagon,ELEC,Electric,Dedicated,,,,,
11991,41,1,209,27,Clarity,2018,126,103,,,,,Auto,e-motor,120 kW electric motor,,"120 kW electric motor; 
82 Ah battery",Honda,http://automobiles.honda.com,Sedan/Wagon,ELEC,Electric,Dedicated,,,,,
11844,41,1,351,27,Ioniq Electric,2018,150,122,,,,,Auto,e-motor,88 kW electric motor,,"88 kW electric motor;
78 Ah battery",Hyundai,http://www.hyundaiusa.com/,Sedan/Wagon,ELEC,Electric,Dedicated,,,,,
11845,41,1,361,27,Soul,2018,124,93,,,,,Auto,e-motor,81 kW electric motor,,"81 kW electric motor;
80 Ah battery",Kia,http://www.kia.com,Sedan/Wagon,ELEC,Electric,Dedicated,,,,,
11974,41,9,217,27,Leaf,2018,125,100,,,,,Auto,e-motor,110 kW electric motor,,"110 kW electric motor;
115 Ah battery",Nissan,http://www.nissanusa.com,Sedan/Wagon,ELEC,Electric,Hybrid Electric,,,,,
11849,41,1,381,27,fortwo electric drive convertable,2018,112,91,,,,,Auto,e-motor,60 kW electric motor,,"60 kW electric motor;
51 Ah battery",smart,http://www.smartusa.com/,Sedan/Wagon,ELEC,Electric,Dedicated,,,,,
11847,41,1,381,27,fortwo electric drive coupe,2018,124,94,,,,,Auto,e-motor,60 kW electric motor,,"60 kW electric motor;
51 Ah battery",smart,http://www.smartusa.com/,Sedan/Wagon,ELEC,Electric,Dedicated,,,,,
11966,41,1,237,27,Model 3 Long Range,2018,136,123,,,,,Auto,e-motor,211 kW electric motor,,"211 kW electric motor;
230 Ah battery",Tesla,http://www.teslamotors.com/design/gallery-body.php,Sedan/Wagon,ELEC,Electric,Dedicated,,,,,
12057,41,1,237,27,Model 3 Long Range AWD,2018,120,112,,,,,Auto,e-motor,147 kW and 188 kW electric motor,,"147 kW and 188 kW electric motors; 
230 Ah battery",Tesla,http://www.teslamotors.com/design/gallery-body.php,Sedan/Wagon,ELEC,Electric,Dedicated,,,,,
12058,41,1,237,27,Model 3 Long Range AWD Performance,2018,120,112,,,,,Auto,e-motor,147 kW and 188 kW electric motor,,"147 kW and 211 kW electric motors;
230 Ah battery",Tesla,http://www.teslamotors.com/design/gallery-body.php,Sedan/Wagon,ELEC,Electric,Dedicated,,,,,
11965,41,1,237,27,Model S 75 kWh,2018,97,100,,,,,Auto,e-motor,270 kW electric motor,,"270 kW electric motor;
245 Ah battery",Tesla,http://www.teslamotors.com/design/gallery-body.php,Sedan/Wagon,ELEC,Electric,Dedicated,,,,,
11964,41,1,237,27,Model S AWD - 100D,2018,101,102,,,,,Auto,e-motor,193 kW electric motor (X2),,"193 kW electric motor (X2);
245 Ah battery",Tesla,http://www.teslamotors.com/design/gallery-body.php,Sedan/Wagon,ELEC,Electric,Dedicated,,,,,
11962,41,1,237,27,Model S AWD - 75D,2018,102,105,,,,,Auto,e-motor,193 kW electric motor (X2),,"193 kW electric motor (X2);
245 Ah battery",Tesla,http://www.teslamotors.com/design/gallery-body.php,Sedan/Wagon,ELEC,Electric,Dedicated,,,,,
11963,41,1,237,27,Model S AWD - P100D,2018,92,105,,,,,Auto,e-motor,193 kW and 375 kW electric motor,,"193 kW and 375 kW electric motors;
245 Ah battery",Tesla,http://www.teslamotors.com/design/gallery-body.php,Sedan/Wagon,ELEC,Electric,Dedicated,,,,,
11959,41,1,237,29,Model X AWD - 100D,2018,86,89,,,,,Auto,e-motor,193 kW electric motor (X2),,"193 kW electric motors (X2);
250 Ah battery",Tesla,http://www.teslamotors.com/design/gallery-body.php,SUV,ELEC,Electric,Dedicated,,,,,
11958,41,1,237,29,Model X AWD - 75D,2018,91,95,,,,,Auto,e-motor,193 kW electric motor (X2),,"193 kW electric motor (X2);
250 Ah battery",Tesla,http://www.teslamotors.com/design/gallery-body.php,SUV,ELEC,Electric,Dedicated,,,,,
11961,41,1,237,29,Model X AWD - P100D,2018,83,89,,,,,Auto,e-motor,193 kW and 375 kW electric motor,,"193 kW and 375 kW electric motors;
250 Ah battery",Tesla,http://www.teslamotors.com/design/gallery-body.php,SUV,ELEC,Electric,Dedicated,,,,,
11636,41,1,211,27,i3 BEV,2017,137,111,,,,,Auto,SI,125 kW,,125 kW electric motor - 60 Amp-hour battery,BMW,www.bmwusa.com,Sedan/Wagon,ELEC,Electric,Dedicated,,,,,
11637,41,1,211,27,i3 BEV,2017,129,106,,,,,Auto,SI,125 kW ,,125 kW electric motor - 94 Amp-hour battery,BMW,www.bmwusa.com,Sedan/Wagon,ELEC,Electric,Dedicated,,,,,
11813,41,1,410,27,e6,2017,73,71,,,,,Auto,SI,,,,BYD Motors,http://www.byd.com/,Sedan/Wagon,ELEC,Electric,Dedicated,,,,,
11638,41,1,215,27,Bolt,2017,128,110,,,,,Auto,SI,150 kW,,"150 kW electric motor
60 kWh battery",Chevrolet,http://www.chevrolet.com,Sedan/Wagon,ELEC,Electric,Dedicated,,,,,
11639,41,1,379,27,500e,2017,121,103,,,,,Auto,SI,82 kW,,"82 kW electric motor
24 kWh battery",Fiat,http://www.fiatusa.com/,Sedan/Wagon,ELEC,Electric,Dedicated,,,,,
11765,41,1,219,27,Focus Electric,2017,118,96,,,,,Auto,SI,107 kW,,"107 kW electric motor
34 kWh battery",Ford,https://www.ford.com,Sedan/Wagon,ELEC,Electric,Dedicated,,,,,
11843,41,1,209,27,Clarity,2017,126,103,,,,,Auto,e-motor,120 kW electric motor,,"120 kW electric motor
82 Ah battery",Honda,http://automobiles.honda.com,Sedan/Wagon,ELEC,Electric,Dedicated,,,,,
11640,41,1,351,27,Ioniq,2017,150,122,,,,,Auto,SI,,,"88 kW electric motor;
28 kWh battery",Hyundai,http://www.hyundaiusa.com/,Sedan/Wagon,ELEC,Electric,Dedicated,,,,,
11768,41,1,361,27,Soul,2017,120,92,,,,,Auto,SI,81 kW ,,"81 kW electric motor
27 kWh battery",Kia,http://www.kia.com,Sedan/Wagon,ELEC,Electric,Dedicated,,,,,
11641,41,1,239,27,B250e,2017,85,82,,,,,Auto,SI,132 kW,,"132 kW electric motor
28 kWh battery",Mercedes-Benz,https://www.mbusa.com,Sedan/Wagon,ELEC,Electric,Dedicated,,,,,
11642,41,1,263,27,i-MiEV,2017,121,102,,,,,Auto,SI,,,49 kW electric motor 16 kW battery,Mitsubishi,http://www.mitsubishicars.com/MMNA/jsp/find.do?loc=en-us,Sedan/Wagon,ELEC,Electric,Dedicated,,,,,
11771,41,1,217,27,Leaf,2017,124,101,,,,,Auto,SI,80 kW,,"80 kW electric motor
30 kWh battery",Nissan,http://www.nissanusa.com,Sedan/Wagon,ELEC,Electric,Dedicated,,,,,
11848,41,1,381,27,fortwo electric drive convertable,2017,112,91,,,,,Auto,e-motor,60 kW electric motor,,"60 kW electric motor
51 Ah battery",smart,http://www.smartusa.com/,Sedan/Wagon,ELEC,Electric,Dedicated,,,,,
11846,41,1,381,27,fortwo electric drive coupe,2017,124,94,,,,,Auto,e-motor,60 kW electric motor,,"60 kW electric motor
51 Ah battery",smart,http://www.smartusa.com/,Sedan/Wagon,ELEC,Electric,Dedicated,,,,,
11852,41,1,237,27,Model 3 Long Range,2017,131,120,,,,,Auto,e-motor,211 kW electric motor,,"211 kW electric motor
230 Ah battery",Tesla,http://www.teslamotors.com/design/gallery-body.php,Sedan/Wagon,ELEC,Electric,Dedicated,,,,,
11851,41,1,237,27,Model S AWD - 100D,2017,101,102,,,,,Auto,e-motor,193 kW and 375 kW electric motor,,"193 kW and 375 kW electric motors
245 Ah battery",Tesla,http://www.teslamotors.com/design/gallery-body.php,Sedan/Wagon,ELEC,Electric,Dedicated,,,,,
11777,41,1,237,27,Model S AWD - 60D,2017,101,107,,,,,Auto,e-motor,193 kW electric motor (X2),,"193 kW electric motor (X2)
245 Ah battery",Tesla,http://www.teslamotors.com/design/gallery-body.php,Sedan/Wagon,ELEC,Electric,Dedicated,,,,,
11778,41,1,237,27,Model S AWD - 75D,2017,102,105,,,,,Auto,e-motor,193 kW electric motor (X2),,"193 kW electric motors (X2)
245 Ah battery",Tesla,http://www.teslamotors.com/design/gallery-body.php,Sedan/Wagon,ELEC,Electric,Dedicated,,,,,
11780,41,1,237,27,Model S AWD - P100D,2017,92,105,,,,,Auto,e-motor,193 kW electric motor (X2),,"193 kW electric motor (X2)
245 Ah battery",Tesla,http://www.teslamotors.com/design/gallery-body.php,Sedan/Wagon,ELEC,Electric,Dedicated,,,,,
11779,41,1,237,27,Model S AWD - P90D,2017,92,100,,,,,Auto,e-motor,193 kW and 375 kW electric motor,,"193 kW and 375 kW electric motors
245 Ah battery",Tesla,http://www.teslamotors.com/design/gallery-body.php,Sedan/Wagon,ELEC,Electric,Dedicated,,,,,
11781,41,1,237,27,Model S RWD 60 kWh,2017,98,101,,,,,Auto,e-motor,285 kW electric motor,,"285 kW electric motor
245 Ah battery",Tesla,http://www.teslamotors.com/design/gallery-body.php,Sedan/Wagon,ELEC,Electric,Dedicated,,,,,
11782,41,1,237,27,Model S RWD 75 kWh,2017,97,100,,,,,Auto,e-motor,285 kW electric motor,,"285 kW electric motor
245 Ah battery",Tesla,http://www.teslamotors.com/design/gallery-body.php,Sedan/Wagon,ELEC,Electric,Dedicated,,,,,
11850,41,1,237,27,Model S RWD 90D,2017,102,107,,,,,Auto,e-motor,193 kW electric motor (X2),,"193 kW electric motor (X2)
245 Ah battery",Tesla,http://www.teslamotors.com/design/gallery-body.php,Sedan/Wagon,ELEC,Electric,Dedicated,,,,,
11960,41,1,237,29,Model X AWD - 100D,2017,86,89,,,,,Auto,e-motor,193 kW and 193 kW electric motor,,"193 kW and 193 kW electric motors;
250 Ah battery",Tesla,http://www.teslamotors.com/design/gallery-body.php,SUV,ELEC,Electric,Dedicated,,,,,
11812,41,1,237,29,Model X AWD - 60D,2017,91,94,,,,,Auto,e-motor,193 kW electric motor (X2),,"193 kW electric motor (X2)
250 Ah battery",Tesla,http://www.teslamotors.com/design/gallery-body.php,SUV,ELEC,Electric,Dedicated,,,,,
11773,41,1,237,29,Model X AWD - 75D,2017,91,95,,,,,Auto,e-motor,193 kW electric motor (X2),,"193 kW electric motor (X2)
250 Ah battery",Tesla,http://www.teslamotors.com/design/gallery-body.php,SUV,ELEC,Electric,Dedicated,,,,,
11774,41,1,237,29,Model X AWD - 90D,2017,90,94,,,,,Auto,e-motor,193 kW electric motor (X2),,"193 kW electric motors (X2)
250 Ah battery",Tesla,http://www.teslamotors.com/design/gallery-body.php,SUV,ELEC,Electric,Dedicated,,,,,
11775,41,1,237,29,Model X AWD - P100D,2017,81,92,,,,,Auto,e-motor,193 kW electric motor (X2),,"193 kW and 375 kW electric motors
250 Ah battery",Tesla,http://www.teslamotors.com/design/gallery-body.php,SUV,ELEC,Electric,Dedicated,,,,,
11776,41,1,237,29,Model X AWD - P90D,2017,89,90,,,,,Auto,e-motor,193 kW and 375 kW electric motor,,"193 kW and 375 kW electric motor (X2)
250 Ah battery",Tesla,http://www.teslamotors.com/design/gallery-body.php,SUV,ELEC,Electric,Dedicated,,,,,
11644,41,1,347,27,e-Golf,2017,119,111,,,,,Auto,SI,,,"100 kW electric motor;
36 kWh battery",Volkswagen,http://www.vw.com,Sedan/Wagon,ELEC,Electric,Dedicated,,,,,
11598,41,1,211,27,i3,2016,137,111,,,,,Auto,SI,125 kW ,,125 kW electric motor 21 kWh battery,BMW,www.bmwusa.com,Sedan/Wagon,ELEC,Electric,Dedicated,,,,,
11599,41,1,215,27,Spark,2016,128,108,,,,,Auto,SI,104 kW,,104 kW electric motor 20 kWh battery,Chevrolet,http://www.chevrolet.com,Sedan/Wagon,ELEC,Electric,Dedicated,,,,,
11600,41,1,379,27,500e,2016,122,108,,,,,Auto,SI,83kW,,83kW electric motor 24 kWh battery,Fiat,http://www.fiatusa.com/,Sedan/Wagon,ELEC,Electric,Dedicated,,,,,
11601,41,1,219,27,Focus,2016,110,99,,,,,Auto,SI,107 kW,,107 kW electric motor 23 kWh battery,Ford,https://www.ford.com,Sedan/Wagon,ELEC,Electric,Dedicated,,,,,
11603,41,1,239,27,B250e,2016,85,82,,,,,Auto,SI,132 kW,,132 kW electric motor 28 kWh battery,Mercedes-Benz,https://www.mbusa.com,Sedan/Wagon,ELEC,Electric,Dedicated,,,,,
11604,41,1,263,27,i-MiEV,2016,126,99,,,,,Auto,SI,49 kW,,49 kW electric motor 16 kWh battery,Mitsubishi,http://www.mitsubishicars.com/MMNA/jsp/find.do?loc=en-us,Sedan/Wagon,ELEC,Electric,Dedicated,,,,,
11605,41,1,217,27,Leaf,2016,126,101,,,,,Auto,SI,80 kW,,80 kW electric motor 24 kWh battery,Nissan,http://www.nissanusa.com,Sedan/Wagon,ELEC,Electric,Dedicated,,,,,
11606,41,1,381,27,fortwo,2016,122,93,,,,,Auto,SI,55 kW,,55 kW electric motor 17.6 kWh battery,smart,http://www.smartusa.com/,Sedan/Wagon,ELEC,Electric,Dedicated,,,,,
11607,41,1,237,27,Model S,2016,88,90,,,,,Auto,SI,285 kW,,285 kW electric motor 70 kWh battery,Tesla,http://www.teslamotors.com/design/gallery-body.php,Sedan/Wagon,ELEC,Electric,Dedicated,,,,,
11608,41,1,237,27,Model S AWD,2016,95,106,,,,,Auto,SI,350/285 kW,,350/285 kW electric motor 90 kWh battery,Tesla,http://www.teslamotors.com/design/gallery-body.php,Sedan/Wagon,ELEC,Electric,Dedicated,,,,,
11609,41,1,237,29,Model X AWD 90D,2016,90,94,,,,,Auto,SI,193/193 kW,,193/193 kW electric motor 90 kWh battery,Tesla,http://www.teslamotors.com/design/gallery-body.php,SUV,ELEC,Electric,Dedicated,,,,,
11610,41,1,237,29,Model X AWD P90D,2016,89,90,,,,,Auto,SI,193/375 kW,,193/375 kW electric motor 90 kWh battery,Tesla,http://www.teslamotors.com/design/gallery-body.php,SUV,ELEC,Electric,Dedicated,,,,,
11611,41,1,347,27,e-Golf,2016,126,105,,,,,Auto,SI,85 kW,,85 kW electric motor 24.2 kWh battery,Volkswagen,http://www.vw.com,Sedan/Wagon,ELEC,Electric,Dedicated,,,,,
11344,41,1,211,27,i3,2015,137,111,,,,,Auto,,125 kW,,"125 kW electric motor, 21 kWh battery",BMW,www.bmwusa.com,Sedan/Wagon,ELEC,Electric,Dedicated,,,,,
11345,41,1,215,27,Spark,2015,128,109,,,,,Auto,e-motor,104 kW,,"104 kW electric motor, 20 kWh battery",Chevrolet,http://www.chevrolet.com,Sedan/Wagon,ELEC,Electric,Dedicated,,,,,
11346,41,1,379,27,500e,2015,122,108,,,,,Auto,e-motor,83 kW,,"83kW electric motor, 24 kWh battery",Fiat,http://www.fiatusa.com/,Sedan/Wagon,ELEC,Electric,Dedicated,,,,,
11347,41,1,219,27,Focus,2015,110,99,,,,,Auto,e-motor,107 kW,,"107 kW electric motor, 23 kWh battery",Ford,https://www.ford.com,Sedan/Wagon,ELEC,Electric,Dedicated,,,,,
11349,41,1,361,27,Soul,2015,120,92,,,,,Auto,e-motor,50 kW,,"50 kW electric motor, 16.4 kWh battery",Kia,http://www.kia.com,Sedan/Wagon,ELEC,Electric,Dedicated,,,,,
11350,41,1,239,27,B-Class Electric,2015,85,83,,,,,Auto,e-motor,132 kW,,"132 kW electric motor, 28 kWh battery",Mercedes-Benz,https://www.mbusa.com,Sedan/Wagon,ELEC,Electric,Dedicated,,,,,
11351,41,1,263,27,i-MiEV,2015,126,99,,,,,Auto,e-motor,49 kW,,"49 kW electric motor, 16 kWh battery",Mitsubishi,http://www.mitsubishicars.com/MMNA/jsp/find.do?loc=en-us,Sedan/Wagon,ELEC,Electric,Dedicated,,,,,
11352,41,1,217,27,Leaf,2015,126,101,,,,,Auto,e-motor,80 kW,,"80 kW electric motor, 24 kWh battery",Nissan,http://www.nissanusa.com,Sedan/Wagon,ELEC,Electric,Dedicated,,,,,
11353,41,1,381,27,fortwo,2015,122,93,,,,,Auto,e-motor,55 kW,,"55 kW electric motor, 17.6 kWh battery",smart,http://www.smartusa.com/,Sedan/Wagon,ELEC,Electric,Dedicated,,,,,
11354,41,1,237,27,Model S,2015,94,97,,,,,Auto,e-motor,300 kW,,"300 kW electric motor, 60 kWh battery",Tesla,http://www.teslamotors.com/design/gallery-body.php,Sedan/Wagon,ELEC,Electric,Dedicated,,,,,
11356,41,1,347,27,e-Golf,2015,,,,,,,Auto,e-motor,85 kW,,"85 kW electric motor, 24.2 kWh battery",Volkswagen,http://www.vw.com,Sedan/Wagon,ELEC,Electric,Dedicated,,,,,
11260,41,1,211,27,i3,2014,,,,,,,Auto,,125,,125 kW electric motor,BMW,www.bmwusa.com,Sedan/Wagon,ELEC,Electric,Dedicated,,,,,
11261,41,1,215,27,Spark,2014,128,109,,,,,Auto,,104,,104 kW electric motor,Chevrolet,http://www.chevrolet.com,Sedan/Wagon,ELEC,Electric,Dedicated,,,,,
11262,41,1,379,27,500e,2014,122,108,,,,,Auto,,83kW,,83kW electric motor,Fiat,http://www.fiatusa.com/,Sedan/Wagon,ELEC,Electric,Dedicated,,,,,
11263,41,1,219,27,Focus,2014,110,99,,,,,Auto,,107,,107 kW electric motor,Ford,https://www.ford.com,Sedan/Wagon,ELEC,Electric,Dedicated,,,,,
11264,41,1,209,27,Fit,2014,132,105,,,,,Auto,,92,,92 kW electric motor,Honda,http://automobiles.honda.com,Sedan/Wagon,ELEC,Electric,Dedicated,,,,,
11265,41,1,361,27,Soul,2014,,,,,,,Auto,,50,,50 kW electric motor,Kia,http://www.kia.com,Sedan/Wagon,ELEC,Electric,Dedicated,,,,,
11266,41,1,239,27,B-Class Electric,2014,,,,,,,Auto,,100,,100 kW electric motor,Mercedes-Benz,https://www.mbusa.com,Sedan/Wagon,ELEC,Electric,Dedicated,,,,,
11267,41,1,263,27,i-MiEV,2014,126,99,,,,,Auto,,49,,49 kW electric motor,Mitsubishi,http://www.mitsubishicars.com/MMNA/jsp/find.do?loc=en-us,Sedan/Wagon,ELEC,Electric,Dedicated,,,,,
11268,41,1,217,27,Leaf,2014,,,,,,,Auto,,80,,80 kW electric motor,Nissan,http://www.nissanusa.com,Sedan/Wagon,ELEC,Electric,Dedicated,,,,,
11269,41,1,353,27,iQ EV,2014,138,105,,,,,Auto,,47,,47 kW electric motor,Scion,http://www.scion.com/,Sedan/Wagon,ELEC,Electric,Dedicated,,,,,
11270,41,1,381,27,fortwo,2014,122,93,,,,,Auto,,55,,55 kW electric motor,smart,http://www.smartusa.com/,Sedan/Wagon,ELEC,Electric,Dedicated,,,,,
11271,41,1,237,27,Model S,2014,94,97,,,,,Auto,,300,,300 kW electric motor,Tesla,http://www.teslamotors.com/design/gallery-body.php,Sedan/Wagon,ELEC,Electric,Dedicated,,,,,
11272,41,1,221,29,RAV 4 EV,2014,78,74,,,,,Auto,,115,,115 kW electric motor,Toyota,http://www.toyota.com,SUV,ELEC,Electric,Dedicated,,,,,
10474,41,1,363,27,CODA,2013,77,68,,,,,,Electric,100 kW e-motor,,,Coda Automotive,http://www.codaautomotive.com/,Sedan/Wagon,ELEC,Electric,Dedicated,,,,,
10491,41,1,379,27,500e,2013,116,100,,,,,Auto,,100 kW e-motor,,,Fiat,http://www.fiatusa.com/,Sedan/Wagon,ELEC,Electric,Dedicated,,,,,
10492,41,1,219,27,Focus,2013,110,99,,,,,Auto,,107 kW e-motor,,,Ford,https://www.ford.com,Sedan/Wagon,ELEC,Electric,Dedicated,,,,,
10524,41,1,209,27,FIT EV,2013,132,105,,,,,,,92 kW e-motor,,,Honda,http://automobiles.honda.com,Sedan/Wagon,ELEC,Electric,Dedicated,,,,,
10540,41,1,263,27,i-MiEV,2013,126,99,,,,,,,49 kW e-motor,,,Mitsubishi,http://www.mitsubishicars.com/MMNA/jsp/find.do?loc=en-us,Sedan/Wagon,ELEC,Electric,Dedicated,,,,,
10541,41,1,217,27,Leaf,2013,106,92,,,,,,,80 kW e-motor,,,Nissan,http://www.nissanusa.com,Sedan/Wagon,ELEC,Electric,Dedicated,,,,,
10557,41,1,353,27,iQ EV,2013,138,105,,,,,Auto,,47 kW e-motor,,,Scion,http://www.scion.com/,Sedan/Wagon,ELEC,Electric,Dedicated,,,,,
10539,41,1,381,27,fortwo,2013,112,88,,,,,,,55 kW e-motor,,,smart,http://www.smartusa.com/,Sedan/Wagon,ELEC,Electric,Dedicated,,,,,
10546,41,1,237,27,Model S,2013,88,90,,,,,Auto,,300 kW e-motor,,,Tesla,http://www.teslamotors.com/design/gallery-body.php,Sedan/Wagon,ELEC,Electric,Dedicated,,,,,
10556,41,1,221,29,RAV 4 EV,2013,78,74,,,,,Auto,,115 kW e-motor,,,Toyota,http://www.toyota.com,SUV,ELEC,Electric,Dedicated,,,,,
10420,41,1,363,27,CODA,2012,77,68,,,,,Automatic,,100kW e-motor,,,Coda Automotive,http://www.codaautomotive.com/,Sedan/Wagon,ELEC,Electric,Dedicated,,,,,
10303,41,1,219,27,Focus EV,2012,,,,,,,,105 kW e-motor,,,,Ford,https://www.ford.com,Sedan/Wagon,ELEC,Electric,Dedicated,,,,,
10304,41,1,219,9,Ford Azure Transit Connect,2012,62,62,,,,,,52 kW e-motor,,,,Ford,https://www.ford.com,Van,ELEC,Electric,Dedicated,,,,,
10357,41,1,209,27,Fit EV,2012,,,,,,,3 mode / 1 speed,,,,,Honda,http://automobiles.honda.com,Sedan/Wagon,ELEC,Electric,Dedicated,,,,,
10371,41,1,263,27,Mitusbishi i,2012,126,99,,,,,,66 kW e-motor,,,,Mitsubishi,http://www.mitsubishicars.com/MMNA/jsp/find.do?loc=en-us,Sedan/Wagon,ELEC,Electric,Dedicated,,,,,
10375,41,1,217,27,Leaf,2012,106,92,,,,,Automatic / 1 speed,80 kW e-motor,,,,Nissan,http://www.nissanusa.com,Sedan/Wagon,ELEC,Electric,Dedicated,,,,,
10378,41,1,237,27,Model S,2012,88,90,,,,,Auto,e-motor,300 kW,,,Tesla,http://www.teslamotors.com/design/gallery-body.php,Sedan/Wagon,ELEC,Electric,Dedicated,,,,,
10386,41,1,221,29,RAV4 EV,2012,,,,,,,,,,,,Toyota,http://www.toyota.com,SUV,ELEC,Electric,Dedicated,,,,,
10389,41,1,241,27,LiFe,2012,,,,,,,,15 kW e-motor,,,,"Wheego Electric Cars, Inc.",,Sedan/Wagon,ELEC,Electric,Dedicated,,,,,
10200,41,1,219,9,Ford  Azure Transit Connect,2011,62,,,,,,,52 kW e-motor,,,,Ford,https://www.ford.com,Van,ELEC,Electric,Dedicated,,,,,
10128,41,1,217,27,Leaf,2011,,,,,,,None,,,,,Nissan,http://www.nissanusa.com,Sedan/Wagon,ELEC,Electric,Dedicated,,,,,
10058,41,1,217,27,LEAF,2011,0.32,0.37,,,,,None,AC electric motor,,,,Nissan,http://www.nissanusa.com,Sedan/Wagon,ELEC,Electric,Dedicated,,,,,
10060,41,1,237,27,Roadster 2.5,2011,0.3,0.3,,,,,,,,,,Tesla,http://www.teslamotors.com/design/gallery-body.php,Sedan/Wagon,ELEC,Electric,Dedicated,,,,,
955,41,1,237,27,Roadster,2010,,,,,,,,,,,,Tesla,http://www.teslamotors.com/design/gallery-body.php,Sedan/Wagon,ELEC,Electric,Dedicated,,,,,
928,41,1,237,27,Roadster 2.5,2009,,,,,,,,,,,,Tesla,http://www.teslamotors.com/design/gallery-body.php,Sedan/Wagon,ELEC,Electric,Dedicated,,,,,
281,41,1,319,9,Citivan,2004,800,800,,,,,Single-speed automatic,110kW Solectria AC Induction Direct-Drive,,,,Solectria,http://www.solectria.com,Van,ELEC,Electric,Dedicated,,,,,
264,41,1,219,27,TH!NK City,2003,,,,,,,,Three-phase AC induction,,,,Ford,https://www.ford.com,Sedan/Wagon,ELEC,Electric,Dedicated,,,,,
279,41,1,217,27,Altra EV,2003,26,29,,,,,transaxle w/2-stage gear set,Permanent Magnet Synchronous Motor,,0,,Nissan,http://www.nissanusa.com,Sedan/Wagon,ELEC,Electric,Dedicated,,,,,
280,41,1,217,27,Hypermini,2003,,,,,,,,Neodymium Magnet AC Synchronous,,,,Nissan,http://www.nissanusa.com,Sedan/Wagon,ELEC,Electric,Dedicated,,,,,
572,41,1,319,9,Citivan,2003,800,800,,,,,Single-speed automatic,110kW Solectria AC Induction Direct-Drive,,,,Solectria,http://www.solectria.com,Van,ELEC,Electric,Dedicated,,,,,
262,41,1,221,29,RAV4-EV,2003,27,34,,25,31,,Single speed,Permanent-Magnet 50 kW DC,,,,Toyota,http://www.toyota.com,SUV,ELEC,Electric,Dedicated,,,,,
183,41,1,219,25,Ranger EV(Lead Acid),2002,38,44,,17,22,,single-speed,"High Efficiency, liquid cooled, 3-phase 67 kW AC induction",,,,Ford,https://www.ford.com,Pickup,ELEC,Electric,Dedicated,,,,,
169,41,1,219,27,Th!NK City,2002,,,,,,,,Three-phase AC induction,,,,Ford,https://www.ford.com,Sedan/Wagon,ELEC,Electric,Dedicated,,,,,
206,41,1,217,27,Altra EV,2002,26,29,,,,,transaxle w/2-stage gear set,Permanent Magnet Synchronous Motor,,0,,Nissan,http://www.nissanusa.com,Sedan/Wagon,ELEC,Electric,Dedicated,,,,,
207,41,1,217,27,Hypermini,2002,,,,,,,,Neodymium Magnet AC Synchronous,,,,Nissan,http://www.nissanusa.com,Sedan/Wagon,ELEC,Electric,Dedicated,,,,,
208,41,1,319,9,Citivan,2002,,,,,0,,Type Single-speed automatic,70kW Solectria AC Induction Direct-Drive,,,,Solectria,http://www.solectria.com,Van,ELEC,Electric,Dedicated,,,,,
209,41,1,221,29,RAV4-EV,2002,29,37,,22,26,,single speed,Permanent-Magnet 50 kW DC,,,,Toyota,http://www.toyota.com,SUV,ELEC,Electric,Dedicated,,,,,
92,41,1,219,25,Ranger EV(Lead Acid),2001,38,44,,,,,single-speed,"High Efficiency, liquid cooled, 3-phase 67 kW AC induction",,,,Ford,https://www.ford.com,Pickup,ELEC,Electric,Dedicated,,,,,
104,41,1,317,27,EV1-Lead Acid,2001,26,26,,,,,single speed w/dual reduction,"Three Phase, Alternating Current, AC Induction",,,,General Motors EV,,Sedan/Wagon,ELEC,Electric,Dedicated,,,,,
105,41,1,317,27,EV1-NiMH,2001,34,30,,,,,single speed w/dual reduction,,,,,General Motors EV,,Sedan/Wagon,ELEC,Electric,Dedicated,,,,,
131,41,1,217,27,Altra EV,2001,26,29,,,,,transaxle w/2-stage gear set,Permanent Magnet Synchronous Motor,,0,,Nissan,http://www.nissanusa.com,Sedan/Wagon,ELEC,Electric,Dedicated,,,,,
570,41,1,217,27,Hypermini (CA only),2001,,,,,,,,Neodymium Magnet AC Synchronous,,,,Nissan,http://www.nissanusa.com,Sedan/Wagon,ELEC,Electric,Dedicated,,,,,
130,41,1,319,9,Citivan,2001,,,,,0,,Type Single-speed automatic,70kW Solectria AC Induction Direct-Drive,,,,Solectria,http://www.solectria.com,Van,ELEC,Electric,Dedicated,,,,,
128,41,1,319,25,Flash,2001,,,,0,0,,"single-speed, fixed ratio",34kW AC Induction Drive,,,,Solectria,http://www.solectria.com,Pickup,ELEC,Electric,Dedicated,,,,,
129,41,1,319,27,Force,2001,13.7,,,30,34,,"single-speed, fixed ratio",,,,,Solectria,http://www.solectria.com,Sedan/Wagon,ELEC,Electric,Dedicated,,,,,
123,41,1,221,27,E-COM,2001,,,,,,,,Permanent-Magnet,,,,Toyota,http://www.toyota.com,Sedan/Wagon,ELEC,Electric,Dedicated,,,,,
122,41,1,221,29,RAV4-EV,2001,29,37,,22,26,,single speed,Permanent-Magnet 50 kW DC,,,,Toyota,http://www.toyota.com,SUV,ELEC,Electric,Dedicated,,,,,
579,41,1,215,25,Chevrolet S-10 NiMH,2000,94,86,,16,21,,single-speed,,,,,Chevrolet,http://www.chevrolet.com,Pickup,ELEC,Electric,Dedicated,,,,,
578,41,1,215,25,Chevrolet S-10 PbA,2000,45,41,,16,21,,single-speed,,,,,Chevrolet,http://www.chevrolet.com,Pickup,ELEC,Electric,Dedicated,,,,,
79,41,1,223,9,Voyager EPIC,2000,67,73,,20,26,,single-speed,,,,,Chrysler,http://www.chrysler.com,Van,ELEC,Electric,Dedicated,,,,,
75,41,1,225,9,Caravan EPIC,2000,67,,,,26,,single-speed,,,,,Dodge,http://www.dodge.com,Van,ELEC,Electric,Dedicated,,,,,
73,41,1,219,25,Ranger EV-NiMH PbA,2000,38,44,,19,26,,single-speed,,,,,Ford,https://www.ford.com,Pickup,ELEC,Electric,Dedicated,,,,,
580,41,1,219,27,Th!NK City-sel mrkts,2000,,,,,,,,Three-phase AC induction,,,,Ford,https://www.ford.com,Sedan/Wagon,ELEC,Electric,Dedicated,,,,,
577,41,1,317,27,EV1-Lead Acid,2000,26,26,,,,,single speed w/dual reduction,"Three Phase, Alternating Current, AC Induction",,,,General Motors EV,,Sedan/Wagon,ELEC,Electric,Dedicated,,,,,
576,41,1,317,27,EV1-NiMH,2000,34,30,,,,,single speed w/dual reduction,,,,,General Motors EV,,Sedan/Wagon,ELEC,Electric,Dedicated,,,,,
81,41,1,217,27,Altra EV,2000,26,29,,0,0,,transaxle w/2-stage gear set,,,0,,Nissan,http://www.nissanusa.com,Sedan/Wagon,ELEC,Electric,Dedicated,,,,,
83,41,1,319,25,Flash,2000,,,,0,0,,"single-speed, fixed ratio",,,,,Solectria,http://www.solectria.com,Pickup,ELEC,Electric,Dedicated,,,,,
84,41,1,319,27,Force NiCd PbA NiMH,2000,13.7,,,30,34,,"single-speed, fixed ratio",,,,,Solectria,http://www.solectria.com,Sedan/Wagon,ELEC,Electric,Dedicated,,,,,
82,41,1,221,29,RAV4-EV,2000,29,37,,22,26,,single speed,,,,,Toyota,http://www.toyota.com,SUV,ELEC,Electric,Dedicated,,,,,
44,41,1,215,25,Chevrolet S-10 L/A,1999,45,41,,16,21,,single-speed,,,,,Chevrolet,http://www.chevrolet.com,Pickup,ELEC,Electric,Dedicated,,,,,
53,41,1,215,25,Chevrolet S-10 NiMH,1999,94,86,,16,21,,single-speed,,,,,Chevrolet,http://www.chevrolet.com,Pickup,ELEC,Electric,Dedicated,,,,,
23,41,1,223,9,Epic Minivan,1999,67,73,,20,26,,single-speed,,,,,Chrysler,http://www.chrysler.com,Van,ELEC,Electric,Dedicated,,,,,
600,41,1,225,9,Caravan EPIC,1999,67,,,,26,,single-speed,,,,,Dodge,http://www.dodge.com,Van,ELEC,Electric,Dedicated,,,,,
37,41,1,219,25,Ranger EV-Lead Acid,1999,38,44,,16,21,,single-speed,,,,,Ford,https://www.ford.com,Pickup,ELEC,Electric,Dedicated,,,,,
51,41,1,219,25,Ranger EV-NiMH,1999,0,0,,16,21,,single-speed,,,,,Ford,https://www.ford.com,Pickup,ELEC,Electric,Dedicated,,,,,
43,41,1,317,27,EV1-Lead Acid,1999,30,25,,0,0,,single speed w/dual reduction,"Three Phase, Alternating Current, AC Induction",,,,General Motors EV,,Sedan/Wagon,ELEC,Electric,Dedicated,,,,,
52,41,1,317,27,EV1-NiMH,1999,34,30,,0,0,,single speed w/dual reduction,,,,,General Motors EV,,Sedan/Wagon,ELEC,Electric,Dedicated,,,,,
26,41,1,209,27,EV Plus,1999,49,51,,20,28,,"single-speed, reduction gear",,,0,,Honda,http://automobiles.honda.com,Sedan/Wagon,ELEC,Electric,Dedicated,,,,,
47,41,1,217,27,Altra EV,1999,30,34,,0,0,,transaxle w/2-stage gear set,,,0,,Nissan,http://www.nissanusa.com,Sedan/Wagon,ELEC,Electric,Dedicated,,,,,
29,41,1,319,9,CitiVan,1999,8.5,,,0,0,,"single-speed, fixed ratio",,,,,Solectria,http://www.solectria.com,Van,ELEC,Electric,Dedicated,,,,,
30,41,1,319,25,Flash,1999,,,,0,0,,"single-speed, fixed ratio",,,,,Solectria,http://www.solectria.com,Pickup,ELEC,Electric,Dedicated,,,,,
32,41,1,319,27,Force Lead Acid,1999,13.7,,,30,34,,"single-speed, fixed ratio",,,,,Solectria,http://www.solectria.com,Sedan/Wagon,ELEC,Electric,Dedicated,,,,,
31,41,1,319,27,Force NiCd,1999,13.7,,,30,34,,"single-speed, fixed ratio",,,,,Solectria,http://www.solectria.com,Sedan/Wagon,ELEC,Electric,Dedicated,,,,,
582,41,1,221,29,RAV4-EV NiMH,1999,29,37,,22,26,,single speed,,,,,Toyota,http://www.toyota.com,SUV,ELEC,Electric,Dedicated,,,,,
50,41,1,221,29,RAV4-EV PbA,1999,29,37,,22,26,,single speed,,,,,Toyota,http://www.toyota.com,SUV,ELEC,Electric,Dedicated,,,,,
12,41,1,215,25,Chevrolet S-10,1998,94,86,,28,34,,single-speed,,,,,Chevrolet,http://www.chevrolet.com,Pickup,ELEC,Electric,Dedicated,,,,,
11,41,1,215,25,Chevrolet S-10 PbA,1998,45,41,,28,34,,single-speed,,,,,Chevrolet,http://www.chevrolet.com,Pickup,ELEC,Electric,Dedicated,,,,,
1,41,1,219,25,Ranger EV,1998,0,0,,0,0,,automatic,"high-efficiency, 3-phase AC induction motor",,0,,Ford,https://www.ford.com,Pickup,ELEC,Electric,Dedicated,,,,,
594,41,1,317,27,"EV1-NiMH (CA,AZ)",1998,34,30,,,,,single speed w/dual reduction,,,,,General Motors EV,,Sedan/Wagon,ELEC,Electric,Dedicated,,,,,
593,41,1,317,27,"EV1 - PbA (CA, AZ)",1998,30,25,,0,0,,single speed w/dual reduction,"Three Phase, Alternating Current, AC Induction",,,,General Motors EV,,Sedan/Wagon,ELEC,Electric,Dedicated,,,,,
3,41,1,209,27,EV Plus,1998,100,84,,0,0,,"single-speed, reduction gear",,,0,,Honda,http://automobiles.honda.com,Sedan/Wagon,ELEC,Electric,Dedicated,,,,,
596,41,1,221,29,RAV4-EV NiMH (Flts.),1998,29,37,,22,26,,single speed,,,,,Toyota,http://www.toyota.com,SUV,ELEC,Electric,Dedicated,,,,,
595,41,1,221,29,RAV4-EV PbA (Fleets),1998,29,37,,22,26,,single speed,,,,,Toyota,http://www.toyota.com,SUV,ELEC,Electric,Dedicated,,,,,
616,41,1,215,25,Chevrolet S-10 PbA,1997,45,41,,28,34,,single-speed,,,,,Chevrolet,http://www.chevrolet.com,Pickup,ELEC,Electric,Dedicated,,,,,
601,41,1,219,25,Ranger EV,1997,0,0,,0,0,,automatic,"high-efficiency, 3-phase AC induction motor",,0,,Ford,https://www.ford.com,Pickup,ELEC,Electric,Dedicated,,,,,
214,41,1,317,27,EV1-Lead Acid,1997,26,26,,,,,single speed w/dual reduction,"Three Phase, Alternating Current, AC Induction",,,,General Motors EV,,Sedan/Wagon,ELEC,Electric,Dedicated,,,,,
630,41,1,225,9,Plymouth TE Van,1995,,,,,,,4-speed automatic,,,6,,Dodge,http://www.dodge.com,Van,ELEC,Electric,Dedicated,,,,,